dataset,frame_id,translation_y_cm,point_count,finite_count,inside_count,inside_fov_pct,box_hit_pct,edge_alignment_pct,median_pixel_shift,p95_pixel_shift
kitti_mini,000001,-10,120268.0,120268.0,18599.0,15.464628995243956,0.6290660788214419,41.26028281090382,5.763401679867429,11.583393725672275
kitti_mini,000004,-10,115976.0,115976.0,19063.0,16.437021452714355,0.9285002360593821,43.71819755547396,4.940155044906517,11.213602156161118
kitti_mini,000007,-10,122798.0,122798.0,19314.0,15.728269190051956,1.6257636947292118,52.19529874702289,4.770054171425189,11.349278579700796
kitti_mini,000008,-10,122555.0,122555.0,17271.0,14.09244828852352,53.55219732499565,60.911354293324074,7.220132374103762,19.677255382227468
kitti_mini,000009,-10,123928.0,123928.0,19423.0,15.672810018720547,1.2510940637388663,38.660351130103486,4.721168709769507,11.157570471812871
kitti_mini,000010,-10,115875.0,115875.0,16484.0,14.225674217907228,25.849308420286338,36.690123756369815,5.669926610434732,11.3904103315577
kitti_mini,000011,-10,108004.0,108004.0,19979.0,18.498388948557462,8.113519195154913,29.68116522348466,5.415547408488558,11.821941281340623
kitti_mini,000012,-10,120007.0,120007.0,18708.0,15.589090636379545,0.2939918751336327,56.01347017318794,4.560770827857806,10.97214911798266
kitti_mini,000015,-10,122583.0,122583.0,18358.0,14.975975461524028,22.279115372044885,53.028652358644734,7.310064714817491,18.405627233498812
kitti_mini,000016,-10,113070.0,113070.0,17893.0,15.824710356416379,30.324707986363382,42.58648633543844,5.700882789690337,13.863047287110955
kitti_mini,000019,-10,115697.0,115697.0,18837.0,16.281321036846244,40.78144078144078,39.671922280617935,8.59114657808994,20.570163336116856
kitti_mini,000021,-10,125260.0,125260.0,19779.0,15.790356059396455,25.09226957884625,47.70716416401234,6.300893491394252,11.58622962950367
kitti_mini,000023,-10,120412.0,120412.0,18552.0,15.40710228216457,0.7492453643811988,42.2488141440276,5.786539086003275,11.74895041160582
kitti_mini,000025,-10,115780.0,115780.0,17532.0,15.142511660044912,24.54939539128451,54.705681040383304,6.498040365299048,18.41213385319717
kitti_mini,000031,-10,121291.0,121291.0,18870.0,15.557625874961868,27.143614202437732,51.86009538950715,5.9971758825884836,11.057122375870103
kitti_mini,000032,-10,118661.0,118661.0,19550.0,16.47550585280758,42.68030690537085,39.65217391304348,6.025480308799736,11.19946503585479
kitti_mini,000043,-10,122591.0,122591.0,19647.0,16.02646197518578,4.96767954395073,42.55611543747137,6.686673139050836,11.999061213653077
kitti_mini,000048,-10,122675.0,122675.0,19788.0,16.13042592215203,3.5829795835860114,67.22761269456237,7.388833618696937,15.922944765142596
kitti_mini,000049,-10,113691.0,113691.0,18071.0,15.894837762004029,42.96939848375851,40.61203032482984,5.850797166980007,15.388383540713233
kitti_mini,000061,-10,125247.0,125247.0,19769.0,15.784010794669733,8.624614295108502,43.497394911224646,4.720055081132596,10.775245973462102
kitti_mini,000001,-5,120268.0,120268.0,18613.0,15.476269664416137,0.6232203298769677,41.36893569010907,2.8835890755026132,5.795289440542564
kitti_mini,000004,-5,115976.0,115976.0,19064.0,16.43788370007588,0.9232060428031893,43.847041544271924,2.475415825726506,5.609102408967596
kitti_mini,000007,-5,122798.0,122798.0,19365.0,15.769800811088128,1.6008262328943972,52.10431190291763,2.389824685389266,5.704403871639335
kitti_mini,000008,-5,122555.0,122555.0,17250.0,14.075313124719514,53.68695652173913,60.973913043478255,3.6150680400849033,9.837549646599275
kitti_mini,000009,-5,123928.0,123928.0,19417.0,15.667968497837453,1.2566307874542926,38.677447597466134,2.3619972146876833,5.580660561659445
kitti_mini,000010,-5,115875.0,115875.0,16476.0,14.218770226537217,25.66156834183054,36.79898033503278,2.836012085163158,5.697943181722903
kitti_mini,000011,-5,108004.0,108004.0,19957.0,18.47801933261731,8.182592574034175,29.78904644986721,2.709490963770399,5.92354477495274
kitti_mini,000012,-5,120007.0,120007.0,18710.0,15.590757205829659,0.2939604489577766,56.125066809192944,2.2814324482209374,5.486068445685716
kitti_mini,000015,-5,122583.0,122583.0,18338.0,14.959659985479226,22.341585778165555,53.108299705529504,3.6575703530274453,9.20058199445645
kitti_mini,000016,-5,113070.0,113070.0,17886.0,15.81851950119395,30.336576093033656,42.569607514256965,2.854570194866564,6.935577566176496
kitti_mini,000019,-5,115697.0,115697.0,18823.0,16.26922046379768,40.70551984274558,39.51017372363598,4.307592693661239,10.277459218177123
kitti_mini,000021,-5,125260.0,125260.0,19789.0,15.798339453935814,25.15538935772399,47.48597705796149,3.1545939502134344,5.814173437889511
kitti_mini,000023,-5,120412.0,120412.0,18568.0,15.420389994352723,0.7485997414907367,42.255493321844035,2.896500067449837,5.8820740320477425
kitti_mini,000025,-5,115780.0,115780.0,17528.0,15.139056831922613,24.38954815152898,54.8037425832953,3.2547155957731544,9.209624534269329
kitti_mini,000031,-5,121291.0,121291.0,18878.0,15.56422158280499,27.020870854963448,52.16654306600276,3.0057282604176856,5.532459865520573
kitti_mini,000032,-5,118661.0,118661.0,19550.0,16.47550585280758,42.705882352941174,39.606138107416875,3.0146235541379647,5.603388908892939
kitti_mini,000043,-5,122591.0,122591.0,19648.0,16.02727769575254,4.9572475570032575,42.27402280130293,3.3489029368306635,6.001029154354365
kitti_mini,000048,-5,122675.0,122675.0,19803.0,16.14265335235378,3.570166136443973,67.10599404130687,3.700937304649332,8.00980811018798
kitti_mini,000049,-5,113691.0,113691.0,18077.0,15.900115224600013,43.09896553631687,40.725784145599384,2.9262267381786895,7.713684396465099
kitti_mini,000061,-5,125247.0,125247.0,19783.0,15.795188707114741,8.613455997573674,43.815397058080165,2.3601655155036783,5.388569253291061
kitti_mini,000001,-2,120268.0,120268.0,18624.0,15.485415904479995,0.6174828178694158,41.29080756013745,1.1539275365216966,2.320020117996912
kitti_mini,000004,-2,115976.0,115976.0,19065.0,16.4387459474374,0.917912404930501,43.755573039601366,0.9904155081569606,2.2440638358054517
kitti_mini,000007,-2,122798.0,122798.0,19402.0,15.799931594977117,1.608081641067931,51.94825275744769,0.9569137613423725,2.2911277584228045
kitti_mini,000008,-2,122555.0,122555.0,17246.0,14.072049283994941,53.65881943639105,60.87208628087672,1.4471746855520802,3.9310687410918486
kitti_mini,000009,-2,123928.0,123928.0,19411.0,15.663126976954361,1.267322652104477,38.44212044716913,0.945034321555684,2.2326675370611087
kitti_mini,000010,-2,115875.0,115875.0,16461.0,14.205825242718447,25.630277625903652,36.89933782880748,1.1351893305473775,2.279957646015159
kitti_mini,000011,-2,108004.0,108004.0,19949.0,18.470612199548164,8.17584841345431,30.056644443330494,1.0844320990623002,2.3707721984774928
kitti_mini,000012,-2,120007.0,120007.0,18711.0,15.591590490554717,0.29394473838918284,56.170167281278395,0.9134086904719336,2.194426291240899
kitti_mini,000015,-2,122583.0,122583.0,18338.0,14.959659985479226,22.417929981459263,53.26098811211691,1.464083862817137,3.6796061346758413
kitti_mini,000016,-2,113070.0,113070.0,17875.0,15.80879101441585,30.327272727272724,42.640559440559436,1.142513959920568,2.7760843907649457
kitti_mini,000019,-2,115697.0,115697.0,18809.0,16.257119890749113,40.60821946940295,39.43856664362805,1.7256949450757864,4.109466880003021
kitti_mini,000021,-2,125260.0,125260.0,19809.0,15.81430624301453,25.140087838861124,47.47337069009036,1.2632551877304583,2.3326220048491955
kitti_mini,000023,-2,120412.0,120412.0,18580.0,15.430355778493837,0.7373519913885899,42.20129171151776,1.1598349704411268,2.354266735474205
kitti_mini,000025,-2,115780.0,115780.0,17527.0,15.138193124892037,24.29965196553888,54.675643293204764,1.3037574361992343,3.6890231188225613
kitti_mini,000031,-2,121291.0,121291.0,18891.0,15.57493960805006,26.996982690169922,52.352972314858924,1.2043967427529614,2.213905163651194
kitti_mini,000032,-2,118661.0,118661.0,19538.0,16.46539301034038,42.68604770191422,39.52298085781554,1.2062074943279075,2.24202273592572
kitti_mini,000043,-2,122591.0,122591.0,19650.0,16.028909136886067,4.931297709923664,42.55470737913486,1.3410183130114492,2.401134162532567
kitti_mini,000048,-2,122675.0,122675.0,19809.0,16.14754432443448,3.599374021909233,67.24721086374879,1.4826978968457942,3.217329114050139
kitti_mini,000049,-2,113691.0,113691.0,18086.0,15.908031418493987,43.11622249253566,40.58387703195842,1.170671144047064,3.090061783926982
kitti_mini,000061,-2,125247.0,125247.0,19788.0,15.799180818702244,8.63654740246614,43.82959369314736,0.9441077093391829,2.1564379815083834
kitti_mini,000001,0,120268.0,120268.0,18630.0,15.490404762696643,0.6172839506172839,41.358024691358025,0.0,0.0
kitti_mini,000004,0,115976.0,115976.0,19063.0,16.437021452714355,0.9127629439227825,43.68672297120075,0.0,0.0
kitti_mini,000007,0,122798.0,122798.0,19423.0,15.817032850697894,1.5806003192091849,51.86119548988313,0.0,0.0
kitti_mini,000008,0,122555.0,122555.0,17238.0,14.065521602545795,53.747534516765285,60.96414897319875,0.0,0.0
kitti_mini,000009,0,123928.0,123928.0,19411.0,15.663126976954361,1.267322652104477,38.431817010973155,0.0,0.0
kitti_mini,000010,0,115875.0,115875.0,16464.0,14.2084142394822,25.564868804664727,36.79543245869776,0.0,0.0
kitti_mini,000011,0,108004.0,108004.0,19946.0,18.467834524647234,8.162037501253385,30.056151609345232,0.0,0.0
kitti_mini,000012,0,120007.0,120007.0,18705.0,15.586590782204372,0.29403902699812884,56.25768511093291,0.0,0.0
kitti_mini,000015,0,122583.0,122583.0,18334.0,14.956396890270266,22.428275335442347,53.33806043416603,0.0,0.0
kitti_mini,000016,0,113070.0,113070.0,17868.0,15.80260015919342,30.32796059995523,42.60129841056637,0.0,0.0
kitti_mini,000019,0,115697.0,115697.0,18792.0,16.242426337761568,40.61834823329076,39.319923371647505,0.0,0.0
kitti_mini,000021,0,125260.0,125260.0,19824.0,15.826281334823568,25.17655367231638,47.190274414850684,0.0,0.0
kitti_mini,000023,0,120412.0,120412.0,18587.0,15.436169152576156,0.7370742992414052,42.212298918599025,0.0,0.0
kitti_mini,000025,0,115780.0,115780.0,17529.0,15.139920538953188,24.245535968965715,54.77779679388441,0.0,0.0
kitti_mini,000031,0,121291.0,121291.0,18896.0,15.579061925452011,26.995131244707878,52.35499576629975,0.0,0.0
kitti_mini,000032,0,118661.0,118661.0,19535.0,16.462864799723583,42.702841054517535,39.52905042231891,0.0,0.0
kitti_mini,000043,0,122591.0,122591.0,19655.0,16.032987739719882,4.919867718137878,42.48282879674383,0.0,0.0
kitti_mini,000048,0,122675.0,122675.0,19820.0,16.156511106582432,3.557013118062563,67.21493440968719,0.0,0.0
kitti_mini,000049,0,113691.0,113691.0,18093.0,15.914188458189303,43.09954125905046,40.52395954236445,0.0,0.0
kitti_mini,000061,0,125247.0,125247.0,19791.0,15.801576085654746,8.655449446718205,43.77747460967106,0.0,0.0
kitti_mini,000001,2,120268.0,120268.0,18637.0,15.496225097282736,0.622417771100499,41.321028062456406,1.154027299913361,2.3205884756230377
kitti_mini,000004,2,115976.0,115976.0,19073.0,16.445643926329584,0.9070413673779689,43.83683741414565,0.9903920220094642,2.2436202409088564
kitti_mini,000007,2,122798.0,122798.0,19436.0,15.827619342334566,1.5795431158674624,51.893393702407906,0.9574357040496367,2.295865848895686
kitti_mini,000008,2,122555.0,122555.0,17234.0,14.062257761821224,53.83544156899153,60.897063943367755,1.4467664781985543,3.900031891717004
kitti_mini,000009,2,123928.0,123928.0,19413.0,15.664740817248726,1.2568897130788645,38.54118374285272,0.944892431490729,2.2321960535874585
kitti_mini,000010,2,115875.0,115875.0,16457.0,14.20237324703344,25.55143707844686,36.707783921735434,1.1342782459920238,2.280090593714134
kitti_mini,000011,2,108004.0,108004.0,19950.0,18.47153809118181,8.145363408521304,30.01503759398496,1.0838999279665007,2.3698467966217867
kitti_mini,000012,2,120007.0,120007.0,18700.0,15.582424358579082,0.2994652406417112,56.20855614973262,0.9128646620423788,2.194100441341482
kitti_mini,000015,2,122583.0,122583.0,18335.0,14.957212664072506,22.470684483228798,53.47695664030543,1.4639429306585947,3.677265617510053
kitti_mini,000016,2,113070.0,113070.0,17869.0,15.803484567082338,30.303878224858693,42.559740332419274,1.1423339537240742,2.766529292444478
kitti_mini,000019,2,115697.0,115697.0,18785.0,16.236376051237283,40.56960340697365,39.36119244077722,1.7242889383033515,4.092526486274158
kitti_mini,000021,2,125260.0,125260.0,19838.0,15.837458087178668,25.249521121080754,47.28803306784958,1.263501402160946,2.337336197608976
kitti_mini,000023,2,120412.0,120412.0,18592.0,15.440321562634953,0.7314974182444062,42.10950946643718,1.1602726079825656,2.35563007648029
kitti_mini,000025,2,115780.0,115780.0,17528.0,15.139056831922613,24.22409858512095,54.71246006389776,1.3043456888866274,3.6828750841091105
kitti_mini,000031,2,121291.0,121291.0,18897.0,15.579886388932403,27.014870085198712,52.43689474519765,1.2056785653190398,2.2139880251801727
kitti_mini,000032,2,118661.0,118661.0,19534.0,16.462022062851315,42.72038496979626,39.51059690795536,1.2032847747980808,2.242056609725899
kitti_mini,000043,2,122591.0,122591.0,19653.0,16.031356298586356,4.935633236655981,42.3752098916196,1.341238522918663,2.399049493616989
kitti_mini,000048,2,122675.0,122675.0,19827.0,16.162217240676583,3.545670045897009,67.09537499369547,1.483517566996659,3.223864277174595
kitti_mini,000049,2,113691.0,113691.0,18094.0,15.915068035288634,43.113739361114185,40.565933458605066,1.1706031723783261,3.0907815849576896
kitti_mini,000061,2,125247.0,125247.0,19792.0,15.802374507972246,8.665117219078414,43.97231204527082,0.9440973756500888,2.1561106246581367
kitti_mini,000001,5,120268.0,120268.0,18650.0,15.507034290085477,0.6166219839142092,41.469168900804284,2.8850417138893936,5.799866467210131
kitti_mini,000004,5,115976.0,115976.0,19075.0,16.44736842105263,0.9174311926605505,43.92660550458716,2.4757567564564527,5.607986593471833
kitti_mini,000007,5,122798.0,122798.0,19445.0,15.834948451929185,1.5993828747750065,51.47852918488043,2.3933854340282914,5.739636316815455
kitti_mini,000008,5,122555.0,122555.0,17228.0,14.057362000734365,53.8483863478059,60.749941954957045,3.613888682689027,9.67269597562388
kitti_mini,000009,5,123928.0,123928.0,19410.0,15.662320056807179,1.2519319938176197,38.40288511076764,2.360468085671243,5.579397787199967
kitti_mini,000010,5,115875.0,115875.0,16454.0,14.199784250269687,25.4649325392002,36.477452291236176,2.834519221084806,5.700145347700415
kitti_mini,000011,5,108004.0,108004.0,19939.0,18.461353283211732,8.114749987461758,30.0717187421636,2.7069660973342122,5.9056817687616725
kitti_mini,000012,5,120007.0,120007.0,18701.0,15.58325764330414,0.2994492273140474,56.18950858242875,2.281430653837338,5.484542981701094
kitti_mini,000015,5,122583.0,122583.0,18345.0,14.965370402094907,22.491142000545107,53.61678931588989,3.657801102300721,9.190548950182674
kitti_mini,000016,5,113070.0,113070.0,17855.0,15.791102856637481,30.31643797255671,42.60991318958275,2.852726913286103,6.887728452147672
kitti_mini,000019,5,115697.0,115697.0,18766.0,16.219953844957086,40.46147287647874,39.32111265053821,4.300838269874955,10.181087604699588
kitti_mini,000021,5,125260.0,125260.0,19845.0,15.843046463356218,25.29100529100529,47.2562358276644,3.1559086564246117,5.842718979941251
kitti_mini,000023,5,120412.0,120412.0,18606.0,15.451948310799589,0.7309470063420402,42.35730409545308,2.8999702312439,5.887962269199398
kitti_mini,000025,5,115780.0,115780.0,17539.0,15.148557609258939,24.100575859513086,54.84919322652375,3.259885304497039,9.185984944952493
kitti_mini,000031,5,121291.0,121291.0,18893.0,15.576588535010842,27.01529667072461,52.26274281479913,3.0119553567396604,5.534840175025856
kitti_mini,000032,5,118661.0,118661.0,19529.0,16.457808378489982,42.700599109017354,39.361974499462335,3.0013299539703326,5.604152365742289
kitti_mini,000043,5,122591.0,122591.0,19659.0,16.036250621986934,4.94430032046391,42.408057378300015,3.3516465147844627,5.992051028293832
kitti_mini,000048,5,122675.0,122675.0,19858.0,16.18748726309354,3.53006345049854,67.21724242119045,3.706625458269364,8.060979897208952
kitti_mini,000049,5,113691.0,113691.0,18103.0,15.922984229182608,43.09782908910125,40.64519692868585,2.92575546699028,7.719612911468527
kitti_mini,000061,5,125247.0,125247.0,19797.0,15.80636661955975,8.632621104207708,43.9561549729757,2.360168227658127,5.389931391472781
kitti_mini,000001,10,120268.0,120268.0,18659.0,15.51451757741045,0.594887185808457,41.47060399807064,5.7693634338868325,11.59054414843085
kitti_mini,000004,10,115976.0,115976.0,19069.0,16.442194936883492,0.9019875190099114,44.09250616183334,4.946154241631435,11.212237791874971
kitti_mini,000007,10,122798.0,122798.0,19449.0,15.838205833971237,1.568204020772276,51.246850737827145,4.784709471499895,11.478276117496298
kitti_mini,000008,10,122555.0,122555.0,17205.0,14.038594916568071,53.920371984888114,60.88927637314734,7.210386122587769,18.957388835016555
kitti_mini,000009,10,123928.0,123928.0,19402.0,15.65586469562972,1.2524482012163694,38.33109988660963,4.718684895880661,11.1564953410942
kitti_mini,000010,10,115875.0,115875.0,16436.0,14.184250269687164,25.37722073497201,36.46264297882696,5.665179802812917,11.397262445833396
kitti_mini,000011,10,108004.0,108004.0,19926.0,18.44931669197437,8.09495131988357,30.226839305430094,5.403907133140252,11.761620098027086
kitti_mini,000012,10,120007.0,120007.0,18703.0,15.584924212754256,0.30476394161364484,55.942896861466075,4.5575735425333885,10.966969472447055
kitti_mini,000015,10,122583.0,122583.0,18366.0,14.98250165194195,22.498094304693456,53.42480670804748,7.308181693288961,18.349916003149147
kitti_mini,000016,10,113070.0,113070.0,17841.0,15.778721146192623,30.300992096855556,42.749845860658034,5.693042851639536,13.699272470145326
kitti_mini,000019,10,115697.0,115697.0,18747.0,16.20353163867689,40.331786419160395,39.35029604736758,8.575582585545288,20.220309847297536
kitti_mini,000021,10,125260.0,125260.0,19874.0,15.866198307520358,25.344671430009058,47.106772667807185,6.300756859151047,11.66960995976915
kitti_mini,000023,10,120412.0,120412.0,18616.0,15.460253130917184,0.7144391920928234,42.27009024495058,5.798481841915085,11.768420548560185
kitti_mini,000025,10,115780.0,115780.0,17545.0,15.15373985144239,24.012539184952978,54.858934169278996,6.515265881134479,18.293276979634204
kitti_mini,000031,10,121291.0,121291.0,18894.0,15.577412998491232,26.94506192442045,52.159415687519854,6.023198073387266,11.068746402930202
kitti_mini,000032,10,118661.0,118661.0,19531.0,16.459493852234516,42.6501459218678,39.398904305975115,5.988291156620871,11.204537147433973
kitti_mini,000043,10,122591.0,122591.0,19671.0,16.046039268788086,4.829444359717351,42.60586650399065,6.694950528280152,11.95382777894719
kitti_mini,000048,10,122675.0,122675.0,19898.0,16.220093743631548,3.4777364559252186,67.55955372399237,7.405813804829496,16.130643045819717
kitti_mini,000049,10,113691.0,113691.0,18114.0,15.932659577275246,43.18206911780943,40.63155570277134,5.848297062493512,15.417897320230995
kitti_mini,000061,10,125247.0,125247.0,19803.0,15.811157153464753,8.609806594960359,43.786295005807204,4.720114626668278,10.77710847817047
nuscenes_mini_subset,scene-0103_000,-10,34752.0,34752.0,2936.0,8.448434622467772,4.461852861035422,11.818801089918257,2.8299211195517655,11.68011254204614
nuscenes_mini_subset,scene-0103_001,-10,34688.0,34688.0,2997.0,8.639875461254613,5.672339005672339,12.979646312979645,2.8534485480763747,11.575946299693221
nuscenes_mini_subset,scene-0103_002,-10,34752.0,34752.0,3034.0,8.730432780847146,4.680290046143705,19.90771259063942,2.7984837377463103,10.949838019227402
nuscenes_mini_subset,scene-0103_003,-10,34720.0,34720.0,3047.0,8.775921658986174,6.892024942566459,17.328519855595665,2.632190271840449,10.915571462408858
nuscenes_mini_subset,scene-0103_004,-10,34784.0,34784.0,3005.0,8.639029438822448,12.013311148086522,18.535773710482527,3.0011044531882045,11.197816495758733
nuscenes_mini_subset,scene-0103_005,-10,34720.0,34720.0,3036.0,8.744239631336406,19.960474308300398,17.25955204216074,3.17337102229184,12.755012191859482
nuscenes_mini_subset,scene-0103_006,-10,34688.0,34688.0,3127.0,9.01464483394834,3.7735849056603774,11.896386312759834,3.3290299704558177,11.704316103592367
nuscenes_mini_subset,scene-0103_007,-10,34688.0,34688.0,3089.0,8.905096863468634,8.61120103593396,12.107478148268049,3.476237856049253,12.202094637759892
nuscenes_mini_subset,scene-0103_008,-10,34720.0,34720.0,2910.0,8.381336405529954,10.446735395189004,10.515463917525773,3.173535570551166,12.2791148037223
nuscenes_mini_subset,scene-0103_009,-10,34720.0,34720.0,2993.0,8.620391705069125,9.355162044771133,9.421984630805213,2.9106922269289153,11.240381951535623
nuscenes_mini_subset,scene-0103_010,-10,34720.0,34720.0,3071.0,8.84504608294931,7.489417127971344,8.72679908824487,2.856202477294436,11.337665262456783
nuscenes_mini_subset,scene-0103_011,-10,34688.0,34688.0,3044.0,8.775369003690036,7.4572930354796325,9.789750328515112,3.086086728690245,11.925794073903488
nuscenes_mini_subset,scene-0103_012,-10,34688.0,34688.0,2966.0,8.550507380073801,10.519217801753204,8.698583951449763,3.2913396695622206,11.897604538897399
nuscenes_mini_subset,scene-0103_013,-10,34688.0,34688.0,2968.0,8.556273062730627,14.150943396226415,9.164420485175203,3.4857016598890214,11.879303794715632
nuscenes_mini_subset,scene-0103_014,-10,34720.0,34720.0,2961.0,8.528225806451612,20.229652144545764,8.78081729145559,3.69311987898242,12.05874284955018
nuscenes_mini_subset,scene-0103_015,-10,34688.0,34688.0,2882.0,8.308348708487085,22.553782095766827,8.743927827897293,3.6121102611122593,11.96872004427427
nuscenes_mini_subset,scene-0103_016,-10,34720.0,34720.0,2902.0,8.358294930875577,22.157133011716056,8.476912474155755,3.4188527782194518,11.758617356071186
nuscenes_mini_subset,scene-0103_017,-10,34720.0,34720.0,2889.0,8.320852534562212,22.360678435444793,9.241952232606438,3.272846141671392,11.831535834076988
nuscenes_mini_subset,scene-0103_018,-10,34784.0,34784.0,2886.0,8.296918123275068,23.596673596673597,8.662508662508662,3.1855837453299194,11.831759090080833
nuscenes_mini_subset,scene-0103_019,-10,34784.0,34784.0,2901.0,8.340041398344066,22.061358152361255,9.065839365735954,3.1701250789286264,11.715309110869605
nuscenes_mini_subset,scene-0103_000,-5,34752.0,34752.0,2961.0,8.520372928176796,4.4579533941236065,12.090509962850389,1.440565344915416,5.919821814106165
nuscenes_mini_subset,scene-0103_001,-5,34688.0,34688.0,3025.0,8.720595018450185,5.619834710743802,13.090909090909092,1.4456489317259327,5.878150758367351
nuscenes_mini_subset,scene-0103_002,-5,34752.0,34752.0,3064.0,8.816758747697975,4.634464751958225,19.74543080939948,1.4046469229295422,5.531684085850049
nuscenes_mini_subset,scene-0103_003,-5,34720.0,34720.0,3073.0,8.850806451612904,6.86625447445493,17.76765375854214,1.3227473683313211,5.503813109631635
nuscenes_mini_subset,scene-0103_004,-5,34784.0,34784.0,3034.0,8.722401103955841,12.030323005932763,18.45748187211602,1.5067459024479788,5.703722329745356
nuscenes_mini_subset,scene-0103_005,-5,34720.0,34720.0,3059.0,8.810483870967742,20.006538084341287,17.456685191238964,1.591357231530732,6.443640818021328
nuscenes_mini_subset,scene-0103_006,-5,34688.0,34688.0,3156.0,9.098247232472325,3.7705956907477822,12.040557667934094,1.6778616616224618,5.930412288272564
nuscenes_mini_subset,scene-0103_007,-5,34688.0,34688.0,3115.0,8.98005073800738,8.571428571428571,11.813804173354734,1.7477620159046983,6.128283829373756
nuscenes_mini_subset,scene-0103_008,-5,34720.0,34720.0,2938.0,8.461981566820276,10.483321987746766,10.24506466984343,1.6000732132433915,6.264593379281571
nuscenes_mini_subset,scene-0103_009,-5,34720.0,34720.0,3022.0,8.703917050691244,9.298477829252151,9.232296492389146,1.4600037039372644,5.699259542469657
nuscenes_mini_subset,scene-0103_010,-5,34720.0,34720.0,3099.0,8.925691244239632,7.518554372378186,8.77702484672475,1.4476934912403867,5.771947114048374
nuscenes_mini_subset,scene-0103_011,-5,34688.0,34688.0,3068.0,8.844557195571955,7.398956975228161,9.713168187744458,1.5502469135443044,6.011133708396226
nuscenes_mini_subset,scene-0103_012,-5,34688.0,34688.0,2996.0,8.636992619926199,10.580774365821096,8.578104138851803,1.6531910415004936,6.005003709318164
nuscenes_mini_subset,scene-0103_013,-5,34688.0,34688.0,2996.0,8.636992619926199,14.218958611481977,9.145527369826436,1.749395493045459,5.990863226882489
nuscenes_mini_subset,scene-0103_014,-5,34720.0,34720.0,2988.0,8.605990783410139,20.147255689424366,8.299866131191433,1.8700368620409051,6.081132692932433
nuscenes_mini_subset,scene-0103_015,-5,34688.0,34688.0,2912.0,8.394833948339484,22.458791208791208,8.653846153846153,1.818552315764699,6.0486833199655905
nuscenes_mini_subset,scene-0103_016,-5,34720.0,34720.0,2925.0,8.424539170506913,22.188034188034187,8.307692307692308,1.7164506588006785,5.930625398783824
nuscenes_mini_subset,scene-0103_017,-5,34720.0,34720.0,2914.0,8.392857142857142,22.30610844200412,9.299931365820179,1.652077757946699,5.967649823136116
nuscenes_mini_subset,scene-0103_018,-5,34784.0,34784.0,2908.0,8.360165593376266,23.59009628610729,8.631361760660248,1.6026688979428427,5.96163730011523
nuscenes_mini_subset,scene-0103_019,-5,34784.0,34784.0,2927.0,8.41478840846366,22.104543901605737,8.746156474205671,1.5890393208326499,5.946287922576506
nuscenes_mini_subset,scene-0103_000,-2,34752.0,34752.0,2976.0,8.56353591160221,4.435483870967742,11.995967741935484,0.5838378620447814,2.3760254898172937
nuscenes_mini_subset,scene-0103_001,-2,34688.0,34688.0,3034.0,8.746540590405903,5.636123928806856,13.216875411997364,0.5791567452282358,2.3616882825470267
nuscenes_mini_subset,scene-0103_002,-2,34752.0,34752.0,3078.0,8.857044198895027,4.645873944119558,19.850552306692656,0.5636520741011504,2.2334716564505226
nuscenes_mini_subset,scene-0103_003,-2,34720.0,34720.0,3090.0,8.899769585253456,6.8284789644012935,17.57281553398058,0.5303997291131703,2.222516062548159
nuscenes_mini_subset,scene-0103_004,-2,34784.0,34784.0,3050.0,8.768399264029439,12.065573770491804,18.721311475409834,0.6042710601746002,2.2847463069074676
nuscenes_mini_subset,scene-0103_005,-2,34720.0,34720.0,3077.0,8.862327188940093,19.954501137471564,17.029574260643486,0.637878066792206,2.6057201189492596
nuscenes_mini_subset,scene-0103_006,-2,34688.0,34688.0,3170.0,9.13860701107011,3.7539432176656153,12.712933753943217,0.6735420448932168,2.394809765424723
nuscenes_mini_subset,scene-0103_007,-2,34688.0,34688.0,3135.0,9.037707564575646,8.484848484848486,11.834130781499203,0.6994419281280665,2.481876151296906
nuscenes_mini_subset,scene-0103_008,-2,34720.0,34720.0,2956.0,8.513824884792626,10.419485791610285,10.081190798376184,0.6435775182445607,2.5325040420822607
nuscenes_mini_subset,scene-0103_009,-2,34720.0,34720.0,3036.0,8.744239631336406,9.189723320158102,9.156785243741766,0.5856735026532185,2.3009084327150773
nuscenes_mini_subset,scene-0103_010,-2,34720.0,34720.0,3112.0,8.963133640552995,7.487146529562983,8.676092544987146,0.5803672321028689,2.3118448960213147
nuscenes_mini_subset,scene-0103_011,-2,34688.0,34688.0,3088.0,8.902214022140221,7.383419689119171,9.71502590673575,0.6223803375415715,2.432412262378094
nuscenes_mini_subset,scene-0103_012,-2,34688.0,34688.0,3012.0,8.683118081180812,10.657370517928287,8.46613545816733,0.6621964100296354,2.4206889933995623
nuscenes_mini_subset,scene-0103_013,-2,34688.0,34688.0,3010.0,8.677352398523984,14.385382059800664,9.069767441860465,0.7003478416036882,2.415174450825529
nuscenes_mini_subset,scene-0103_014,-2,34720.0,34720.0,3003.0,8.649193548387096,20.146520146520146,8.25840825840826,0.7518460521730941,2.4516753746938
nuscenes_mini_subset,scene-0103_015,-2,34688.0,34688.0,2929.0,8.44384225092251,22.430863776032776,8.296346876066917,0.7328781681129878,2.4405492754048965
nuscenes_mini_subset,scene-0103_016,-2,34720.0,34720.0,2941.0,8.470622119815669,22.16933015980959,8.466507990479428,0.687869320057454,2.3972251658226935
nuscenes_mini_subset,scene-0103_017,-2,34720.0,34720.0,2932.0,8.444700460829493,22.373806275579806,9.583901773533423,0.6621193392762343,2.4066146496485907
nuscenes_mini_subset,scene-0103_018,-2,34784.0,34784.0,2928.0,8.41766329346826,23.53142076502732,8.504098360655737,0.6446827338000205,2.4104146142974137
nuscenes_mini_subset,scene-0103_019,-2,34784.0,34784.0,2945.0,8.466536338546458,21.935483870967744,8.896434634974533,0.6376819143073315,2.3836492089562005
nuscenes_mini_subset,scene-0103_000,0,34752.0,34752.0,2984.0,8.586556169429098,4.3565683646112605,12.23190348525469,0.0,0.0
nuscenes_mini_subset,scene-0103_001,0,34688.0,34688.0,3047.0,8.784017527675276,5.644896619625862,13.291762389235313,0.0,0.0
nuscenes_mini_subset,scene-0103_002,0,34752.0,34752.0,3084.0,8.874309392265193,4.636835278858626,19.5201037613489,0.0,0.0
nuscenes_mini_subset,scene-0103_003,0,34720.0,34720.0,3100.0,8.928571428571429,6.806451612903226,17.548387096774192,0.0,0.0
nuscenes_mini_subset,scene-0103_004,0,34784.0,34784.0,3062.0,8.802897884084636,11.985630306988897,18.876551273677336,0.0,0.0
nuscenes_mini_subset,scene-0103_005,0,34720.0,34720.0,3083.0,8.879608294930875,19.91566655854687,16.736944534544275,0.0,0.0
nuscenes_mini_subset,scene-0103_006,0,34688.0,34688.0,3180.0,9.167435424354244,3.710691823899371,13.11320754716981,0.0,0.0
nuscenes_mini_subset,scene-0103_007,0,34688.0,34688.0,3143.0,9.060770295202952,8.495068405981545,11.740375437480115,0.0,0.0
nuscenes_mini_subset,scene-0103_008,0,34720.0,34720.0,2968.0,8.548387096774194,10.47843665768194,10.2088948787062,0.0,0.0
nuscenes_mini_subset,scene-0103_009,0,34720.0,34720.0,3044.0,8.767281105990783,9.165571616294349,9.034165571616294,0.0,0.0
nuscenes_mini_subset,scene-0103_010,0,34720.0,34720.0,3120.0,8.986175115207374,7.5,8.58974358974359,0.0,0.0
nuscenes_mini_subset,scene-0103_011,0,34688.0,34688.0,3097.0,8.928159594095941,7.426541814659347,9.654504359057151,0.0,0.0
nuscenes_mini_subset,scene-0103_012,0,34688.0,34688.0,3023.0,8.714829335793358,10.618590803837249,8.501488587495864,0.0,0.0
nuscenes_mini_subset,scene-0103_013,0,34688.0,34688.0,3024.0,8.717712177121772,14.351851851851851,9.093915343915345,0.0,0.0
nuscenes_mini_subset,scene-0103_014,0,34720.0,34720.0,3013.0,8.67799539170507,20.146033853302356,7.965482907401261,0.0,0.0
nuscenes_mini_subset,scene-0103_015,0,34688.0,34688.0,2935.0,8.46113929889299,22.555366269165248,8.211243611584328,0.0,0.0
nuscenes_mini_subset,scene-0103_016,0,34720.0,34720.0,2951.0,8.49942396313364,22.161978990172823,8.776685869196882,0.0,0.0
nuscenes_mini_subset,scene-0103_017,0,34720.0,34720.0,2940.0,8.46774193548387,22.346938775510203,9.523809523809524,0.0,0.0
nuscenes_mini_subset,scene-0103_018,0,34784.0,34784.0,2938.0,8.446412143514259,23.6215112321307,8.713410483321987,0.0,0.0
nuscenes_mini_subset,scene-0103_019,0,34784.0,34784.0,2958.0,8.503909843606255,22.008113590263694,9.060175794455713,0.0,0.0
nuscenes_mini_subset,scene-0103_000,2,34752.0,34752.0,2997.0,8.62396408839779,4.270937604270938,12.345679012345679,0.585064518361057,2.381741648203309
nuscenes_mini_subset,scene-0103_001,2,34688.0,34688.0,3058.0,8.815728782287822,5.591890124264225,13.113145846958796,0.581146469637278,2.37877591661971
nuscenes_mini_subset,scene-0103_002,2,34752.0,34752.0,3094.0,8.903084714548802,4.686489980607628,19.36005171299289,0.5644599045674562,2.2255055102668577
nuscenes_mini_subset,scene-0103_003,2,34720.0,34720.0,3108.0,8.951612903225806,6.853281853281853,17.599742599742598,0.5315626698603284,2.238283443483341
nuscenes_mini_subset,scene-0103_004,2,34784.0,34784.0,3069.0,8.823022079116836,11.925708699902248,19.1267513848159,0.6063660055239692,2.292825564560586
nuscenes_mini_subset,scene-0103_005,2,34720.0,34720.0,3092.0,8.90552995391705,19.922380336351875,16.623544631306597,0.6370711054895131,2.5961498600381465
nuscenes_mini_subset,scene-0103_006,2,34688.0,34688.0,3192.0,9.202029520295204,3.7280701754385963,13.095238095238097,0.6732135288773043,2.4034248984752873
nuscenes_mini_subset,scene-0103_007,2,34688.0,34688.0,3154.0,9.092481549815497,8.497146480659481,11.540900443880787,0.7008474911003432,2.487071661798219
nuscenes_mini_subset,scene-0103_008,2,34720.0,34720.0,2978.0,8.577188940092165,10.543989254533244,10.241773002014776,0.6448846761939281,2.554954500433826
nuscenes_mini_subset,scene-0103_009,2,34720.0,34720.0,3053.0,8.793202764976959,9.17130691123485,9.17130691123485,0.5853810619430486,2.2997235770449493
nuscenes_mini_subset,scene-0103_010,2,34720.0,34720.0,3130.0,9.014976958525345,7.476038338658148,8.594249201277956,0.5847098299375372,2.3216299861891736
nuscenes_mini_subset,scene-0103_011,2,34688.0,34688.0,3103.0,8.945456642066421,7.444408636803093,9.635836287463745,0.6211085258938038,2.4404217675176496
nuscenes_mini_subset,scene-0103_012,2,34688.0,34688.0,3034.0,8.746540590405903,10.646011865524061,8.338826631509558,0.6624887749445332,2.4379866933422303
nuscenes_mini_subset,scene-0103_013,2,34688.0,34688.0,3034.0,8.746540590405903,14.469347396176666,8.899143045484509,0.7005464996612274,2.4325816397234687
nuscenes_mini_subset,scene-0103_014,2,34720.0,34720.0,3024.0,8.709677419354838,20.17195767195767,8.267195767195767,0.7509162242660518,2.45865702149958
nuscenes_mini_subset,scene-0103_015,2,34688.0,34688.0,2944.0,8.487084870848708,22.418478260869566,8.050271739130435,0.7319387182578885,2.4440307969449826
nuscenes_mini_subset,scene-0103_016,2,34720.0,34720.0,2961.0,8.528225806451612,22.255994596420127,8.814589665653495,0.6893102381805595,2.3968903094849594
nuscenes_mini_subset,scene-0103_017,2,34720.0,34720.0,2950.0,8.496543778801843,22.406779661016948,9.59322033898305,0.6623353817774013,2.4061986887106372
nuscenes_mini_subset,scene-0103_018,2,34784.0,34784.0,2945.0,8.466536338546458,23.565365025466892,8.760611205432937,0.6451226955306342,2.4207007842537918
nuscenes_mini_subset,scene-0103_019,2,34784.0,34784.0,2969.0,8.535533578656853,22.128662849444257,9.228696530818457,0.637533235856689,2.4028916790813453
nuscenes_mini_subset,scene-0103_000,5,34752.0,34752.0,3011.0,8.664249539594843,4.217867818000665,12.454334108269679,1.458027409063791,5.923896192720684
nuscenes_mini_subset,scene-0103_001,5,34688.0,34688.0,3071.0,8.853205719557195,5.633344187561055,12.959947899706936,1.4499250765858298,5.9123851479838905
nuscenes_mini_subset,scene-0103_002,5,34752.0,34752.0,3106.0,8.937615101289135,4.668383773341919,19.47842884739214,1.4078989039589618,5.534748148857268
nuscenes_mini_subset,scene-0103_003,5,34720.0,34720.0,3118.0,8.98041474654378,6.89544579858884,17.222578576010264,1.3275441334974594,5.566743620902418
nuscenes_mini_subset,scene-0103_004,5,34784.0,34784.0,3080.0,8.854645814167434,11.98051948051948,19.058441558441558,1.5120840632993047,5.706067803679491
nuscenes_mini_subset,scene-0103_005,5,34720.0,34720.0,3106.0,8.945852534562212,19.89697359948487,16.065679330328397,1.589482772873277,6.449719447745243
nuscenes_mini_subset,scene-0103_006,5,34688.0,34688.0,3203.0,9.23374077490775,3.715266937246332,12.987823915079613,1.6793640235060243,5.975800118572803
nuscenes_mini_subset,scene-0103_007,5,34688.0,34688.0,3168.0,9.132841328413285,8.491161616161616,11.363636363636363,1.7497313917389392,6.185624404486877
nuscenes_mini_subset,scene-0103_008,5,34720.0,34720.0,2992.0,8.617511520737327,10.327540106951872,10.327540106951872,1.6074315798889767,6.351565748716876
nuscenes_mini_subset,scene-0103_009,5,34720.0,34720.0,3069.0,8.839285714285714,9.188660801564028,9.188660801564028,1.4597901438225718,5.714807314940316
nuscenes_mini_subset,scene-0103_010,5,34720.0,34720.0,3144.0,9.055299539170507,7.538167938931298,8.524173027989821,1.4587764495260547,5.774893432463504
nuscenes_mini_subset,scene-0103_011,5,34688.0,34688.0,3122.0,9.000230627306273,7.367072389493915,9.961563100576553,1.5488317675036416,6.063573260036565
nuscenes_mini_subset,scene-0103_012,5,34688.0,34688.0,3045.0,8.77825184501845,10.70607553366174,8.440065681444992,1.651839129286312,6.065658910223179
nuscenes_mini_subset,scene-0103_013,5,34688.0,34688.0,3044.0,8.775369003690036,14.553219448094612,8.935611038107753,1.7482781790590995,6.0445705171423985
nuscenes_mini_subset,scene-0103_014,5,34720.0,34720.0,3040.0,8.755760368663594,20.164473684210527,8.453947368421053,1.8746137262472682,6.111185615560856
nuscenes_mini_subset,scene-0103_015,5,34688.0,34688.0,2960.0,8.533210332103321,22.263513513513512,8.20945945945946,1.826265494884314,6.078144164924487
nuscenes_mini_subset,scene-0103_016,5,34720.0,34720.0,2977.0,8.574308755760368,22.50587840107491,8.901578770574403,1.7179246969732662,5.957196156215658
nuscenes_mini_subset,scene-0103_017,5,34720.0,34720.0,2968.0,8.548387096774194,22.473045822102424,9.568733153638814,1.6534282217621827,5.986275386426247
nuscenes_mini_subset,scene-0103_018,5,34784.0,34784.0,2958.0,8.503909843606255,23.39418526031102,8.78972278566599,1.609494074792234,6.016563189482065
nuscenes_mini_subset,scene-0103_019,5,34784.0,34784.0,2978.0,8.561407543698252,22.229684351914038,9.066487575554063,1.590402065487098,5.976345250632628
nuscenes_mini_subset,scene-0103_000,10,34752.0,34752.0,3032.0,8.724677716390424,4.254617414248021,12.104221635883905,2.901183280532181,11.728196955939953
nuscenes_mini_subset,scene-0103_001,10,34688.0,34688.0,3090.0,8.907979704797048,5.6634304207119746,12.815533980582524,2.889920934115753,11.711371007812351
nuscenes_mini_subset,scene-0103_002,10,34752.0,34752.0,3128.0,9.000920810313076,4.539641943734015,19.62915601023018,2.7995658198861397,10.977650244464071
nuscenes_mini_subset,scene-0103_003,10,34720.0,34720.0,3141.0,9.046658986175116,6.90862782553327,16.873607131486786,2.6473304928446555,11.018785134928818
nuscenes_mini_subset,scene-0103_004,10,34784.0,34784.0,3108.0,8.935142594296229,11.936936936936938,18.91891891891892,3.013807137984853,11.327866902772257
nuscenes_mini_subset,scene-0103_005,10,34720.0,34720.0,3131.0,9.017857142857142,19.833918875758545,15.905461513893323,3.164034718616203,12.767370009425203
nuscenes_mini_subset,scene-0103_006,10,34688.0,34688.0,3231.0,9.314460332103321,3.683070256886413,12.84432064376354,3.3450404400077174,11.822141879638238
nuscenes_mini_subset,scene-0103_007,10,34688.0,34688.0,3197.0,9.21644372693727,8.445417578980294,11.323115420706912,3.4824931713261997,12.249706827178205
nuscenes_mini_subset,scene-0103_008,10,34720.0,34720.0,3020.0,8.69815668202765,10.496688741721854,10.264900662251655,3.2037854996364437,12.585498910173834
nuscenes_mini_subset,scene-0103_009,10,34720.0,34720.0,3093.0,8.908410138248849,9.149692854833495,9.020368574199807,2.90913609536119,11.339824070050785
nuscenes_mini_subset,scene-0103_010,10,34720.0,34720.0,3169.0,9.127304147465438,7.668034080151467,8.61470495424424,2.9054695043735776,11.43343808602976
nuscenes_mini_subset,scene-0103_011,10,34688.0,34688.0,3150.0,9.080950184501845,7.428571428571429,10.0,3.083965990569887,12.007730463443076
nuscenes_mini_subset,scene-0103_012,10,34688.0,34688.0,3068.0,8.844557195571955,10.723598435462842,8.539765319426335,3.290805436502454,12.029495718716147
nuscenes_mini_subset,scene-0103_013,10,34688.0,34688.0,3071.0,8.853205719557195,14.522956691631391,9.475740801042006,3.483931436718638,11.97470150792651
nuscenes_mini_subset,scene-0103_014,10,34720.0,34720.0,3066.0,8.830645161290322,20.026092628832355,8.77364644487932,3.7395771514166367,12.109580339957597
nuscenes_mini_subset,scene-0103_015,10,34688.0,34688.0,2993.0,8.628344095940959,22.352155028399597,7.951887738055463,3.634991352739774,12.040728445555368
nuscenes_mini_subset,scene-0103_016,10,34720.0,34720.0,2998.0,8.63479262672811,22.915276851234157,8.67244829886591,3.42522940803878,11.799456598646556
nuscenes_mini_subset,scene-0103_017,10,34720.0,34720.0,2995.0,8.626152073732719,22.404006677796325,9.649415692821368,3.292954735986452,11.871775651176511
nuscenes_mini_subset,scene-0103_018,10,34784.0,34784.0,2982.0,8.572907083716652,23.608316566063046,8.651911468812877,3.2038292137205184,11.923806586669834
nuscenes_mini_subset,scene-0103_019,10,34784.0,34784.0,3006.0,8.641904323827047,22.355289421157686,9.081836327345309,3.1719990852766595,11.84191058512983
