dataset,frames,translation_y_cm,point_count,finite_count,inside_count,inside_fov_pct,box_hit_pct,edge_alignment_pct,median_pixel_shift,p95_pixel_shift
kitti_mini,20,-10,119318.45,119318.45,18774.35,15.74995883931361,18.299410418874636,46.22421933418169,5.995886952469823,13.504698785109236
kitti_mini,20,-5,119318.45,119318.45,18776.15,15.751246560461848,18.293638433976067,46.25559582492841,3.0017478751627578,6.7601496401749115
kitti_mini,20,-2,119318.45,119318.45,18778.45,15.752986099730848,18.283333786147644,46.26083758352149,1.2017367797859537,2.7063032166148213
kitti_mini,20,0,119318.45,119318.45,18780.2,15.75434658604215,18.28050208329708,46.236703710319446,0.0,0.0
kitti_mini,20,2,119318.45,119318.45,18782.2,15.755982847012353,18.2871148710637,46.244254929235694,1.2015831135719832,2.7037176856074994
kitti_mini,20,5,119318.45,119318.45,18784.85,15.758044676591112,18.271258844870182,46.23138637964453,3.001803405051516,6.748377610440987
kitti_mini,20,10,119318.45,119318.45,18787.45,15.759983572772777,18.245581095531456,46.22825264656888,5.996396780446355,13.453718011615425
nuscenes_mini_subset,20,-10,34721.6,34721.6,2982.2,8.588964021658501,12.92215622456491,11.556141515943988,3.1624991598180046,11.73526282312502
nuscenes_mini_subset,20,-5,34721.6,34721.6,3009.0,8.666151171773512,12.912563327080312,11.504653621257045,1.5923382524623928,5.9359173085637185
nuscenes_mini_subset,20,-2,34721.6,34721.6,3025.1,8.71251859926342,12.895739011044492,11.505242827704437,0.6391899940189046,2.3932257600093396
nuscenes_mini_subset,20,0,34721.6,34721.6,3034.7,8.74016667089166,12.89663722131427,11.519637802289438,0.0,0.0
nuscenes_mini_subset,20,2,34721.6,34721.6,3044.45,8.768248093536892,12.908712286144118,11.520038702674047,0.6398003777930275,2.4010222973836024
nuscenes_mini_subset,20,5,34721.6,34721.6,3058.0,8.8072748874925,12.910524023136436,11.497920673440685,1.5960566651878303,5.969788191585673
nuscenes_mini_subset,20,10,34721.6,34721.6,3083.45,8.88057352232392,12.945817032932254,11.45554807687052,3.179452545282736,11.828051796281745
