dataset,frames,yaw_deg,point_count,finite_count,inside_count,inside_fov_pct,box_hit_pct,edge_alignment_pct,median_pixel_shift,p95_pixel_shift
kitti_mini,20,-3,119318.45,119318.45,18753.5,15.73106179975775,18.252675472723762,46.14008762140635,43.3868848759955,60.53356151080899
kitti_mini,20,-2,119318.45,119318.45,18763.55,15.739961746982564,18.20305538895863,46.162692905913325,29.006984008829072,40.86175467735239
kitti_mini,20,-1,119318.45,119318.45,18769.3,15.745270364371834,18.218857021202705,46.22227310753225,14.54404576470696,20.683162930310953
kitti_mini,20,-0.5,119318.45,119318.45,18772.1,15.747733956022348,18.25342841315317,46.3039309983103,7.283489840100332,10.407767254957452
kitti_mini,20,0,119318.45,119318.45,18780.2,15.75434658604215,18.28050208329708,46.236703710319446,0.0,0.0
kitti_mini,20,0.5,119318.45,119318.45,18788.55,15.76123161429742,18.274901814139394,46.240203492563076,7.283919739246957,10.413505079421515
kitti_mini,20,1,119318.45,119318.45,18792.4,15.764450610280317,18.289069536311864,46.27196155009137,14.546458224583537,20.696159769208265
kitti_mini,20,2,119318.45,119318.45,18794.35,15.766109795804661,18.353797511526572,46.207589512808894,29.01218998817538,40.860771614477514
kitti_mini,20,3,119318.45,119318.45,18804.2,15.773976018303852,18.42367929144712,46.26074349738114,43.39522334026018,60.55098627150862
nuscenes_mini_subset,20,-3,34721.6,34721.6,3048.15,8.778893126345801,13.279901586401277,12.609924200018545,75.48546934677334,90.66466388626009
nuscenes_mini_subset,20,-2,34721.6,34721.6,3044.75,8.769100090305901,13.094872309468077,12.41687894463725,50.44939080382257,61.00114563906853
nuscenes_mini_subset,20,-1,34721.6,34721.6,3039.95,8.755281947852016,12.922311548297154,11.97446444418476,25.289859098297416,30.792288383942452
nuscenes_mini_subset,20,-0.5,34721.6,34721.6,3036.9,8.746501087346063,12.88392368905592,11.700751734435674,12.662775083126164,15.468935386235383
nuscenes_mini_subset,20,0,34721.6,34721.6,3034.7,8.74016667089166,12.89663722131427,11.519637802289438,0.0,0.0
nuscenes_mini_subset,20,0.5,34721.6,34721.6,3031.7,8.731534858115586,12.795234209988282,11.38804383035276,12.661138283276092,15.47397608739281
nuscenes_mini_subset,20,1,34721.6,34721.6,3029.7,8.725773295510049,12.732050546826938,11.443164456963409,25.29021006587489,30.79970173148924
nuscenes_mini_subset,20,2,34721.6,34721.6,3025.2,8.712817234423351,12.796508818616065,11.564649663924754,50.45507948987933,61.00206860198658
nuscenes_mini_subset,20,3,34721.6,34721.6,3021.3,8.701593520466307,12.887584473993803,11.505205549240682,75.516195776248,90.70948693161475
