dataset,frame_id,yaw_deg,point_count,finite_count,inside_count,inside_fov_pct,box_hit_pct,edge_alignment_pct,median_pixel_shift,p95_pixel_shift
kitti_mini,000001,-3,120268.0,120268.0,18637.0,15.496225097282736,0.19316413585877557,40.564468530342864,44.092974024923,60.75238826087957
kitti_mini,000004,-3,115976.0,115976.0,19049.0,16.424949989653033,1.2074124625964617,43.63483647435561,43.9308176005182,60.55256224962722
kitti_mini,000007,-3,122798.0,122798.0,19515.0,15.891952637665108,1.64488854727133,52.12400717396874,43.62085486130637,60.45009802860015
kitti_mini,000008,-3,122555.0,122555.0,17099.0,13.952103137366896,53.86864728931516,60.8690566699807,42.799013419168716,60.77895018377784
kitti_mini,000009,-3,123928.0,123928.0,19443.0,15.688948421664191,1.2138044540451576,38.98060998817055,43.680376848736664,60.55573891110558
kitti_mini,000010,-3,115875.0,115875.0,16717.0,14.426752966558793,27.008434527726266,37.0999581264581,43.44522824832112,59.68745977560307
kitti_mini,000011,-3,108004.0,108004.0,19832.0,18.36228287841191,7.714804356595402,30.526421944332395,43.414974078354575,60.515549909217064
kitti_mini,000012,-3,120007.0,120007.0,18664.0,15.552426108477006,0.04286326618088298,55.663309044149166,43.83265447684855,60.5031666180487
kitti_mini,000015,-3,122583.0,122583.0,18302.0,14.930292128598582,21.483990820675338,52.96688886460497,42.69406500122612,60.13380132815566
kitti_mini,000016,-3,113070.0,113070.0,17840.0,15.777836738303705,29.882286995515695,42.47757847533632,43.15492807342037,60.74677034393467
kitti_mini,000019,-3,115697.0,115697.0,18613.0,16.08771186806918,40.05802396174716,39.70880567345404,43.762656950113175,61.49291853063759
kitti_mini,000021,-3,125260.0,125260.0,19920.0,15.902921922401404,25.722891566265062,47.29417670682731,43.59021468283102,60.450284250995225
kitti_mini,000023,-3,120412.0,120412.0,18578.0,15.428694814470319,0.2691355366562601,41.667563785122184,44.074766373083975,60.75132358505698
kitti_mini,000025,-3,115780.0,115780.0,17549.0,15.157194679564691,26.559917944042393,54.60710011966494,42.56706385781401,60.25221264756363
kitti_mini,000031,-3,121291.0,121291.0,18968.0,15.638423296040102,26.892661324335727,51.291649093209614,43.3902569106569,60.62347003548717
kitti_mini,000032,-3,118661.0,118661.0,19537.0,16.464550273468117,42.45790039412397,39.350975072938525,43.479136067037246,60.604855622813
kitti_mini,000043,-3,122591.0,122591.0,19565.0,15.959572888711243,4.65627395859954,42.81114234602607,43.33333059300673,60.59753729225039
kitti_mini,000048,-3,122675.0,122675.0,19795.0,16.13613205624618,3.364485981308411,66.89568072745644,43.35928861204644,60.833826940697676
kitti_mini,000049,-3,113691.0,113691.0,17790.0,15.647676597092119,42.158516020236085,40.3035413153457,43.05853571924183,60.19588461158815
kitti_mini,000061,-3,125247.0,125247.0,19657.0,15.694587495109664,8.65340591138017,43.96398229638297,42.45656112125481,60.192431090140474
kitti_mini,000001,-2,120268.0,120268.0,18627.0,15.487910333588319,0.21474204112310086,40.65603693563107,29.47018977470806,41.00924590455049
kitti_mini,000004,-2,115976.0,115976.0,19067.0,16.440470442160446,1.1380919913987517,43.39434625268789,29.384725507433593,40.974224247678954
kitti_mini,000007,-2,122798.0,122798.0,19508.0,15.886252219091515,1.6454787779372566,52.13245847857289,29.14877576224487,40.81689883516886
kitti_mini,000008,-2,122555.0,122555.0,17106.0,13.9578148586349,53.647842862153624,60.79153513387116,28.61762601680224,41.12595481519869
kitti_mini,000009,-2,123928.0,123928.0,19440.0,15.686527661222645,1.1934156378600824,38.806584362139915,29.212500470895804,40.86557959829341
kitti_mini,000010,-2,115875.0,115875.0,16646.0,14.365480043149946,26.366694701429772,36.98786495254115,29.00675776833905,40.315726900911294
kitti_mini,000011,-2,108004.0,108004.0,19876.0,18.403022110292213,7.753069027973434,30.584624672972428,29.009589808814596,40.87763759192541
kitti_mini,000012,-2,120007.0,120007.0,18666.0,15.554092677927121,0.04285867352405443,55.635915568413154,29.271454316950624,40.83957630428266
kitti_mini,000015,-2,122583.0,122583.0,18327.0,14.950686473654585,21.760244448082062,53.00376493697823,28.53432992249135,40.512553241273764
kitti_mini,000016,-2,113070.0,113070.0,17869.0,15.803484567082338,30.28149308858918,42.50377749174548,28.8510965057105,40.99547485465904
kitti_mini,000019,-2,115697.0,115697.0,18699.0,16.162043959653232,40.27488100967966,39.54222150917162,29.26786490771847,41.51150052506983
kitti_mini,000021,-2,125260.0,125260.0,19860.0,15.855021555165257,25.42799597180262,47.583081570996974,29.122658284624695,40.67751898760062
kitti_mini,000023,-2,120412.0,120412.0,18581.0,15.431186260505598,0.36058339163661807,41.63392712986384,29.467076785701053,41.047169049188604
kitti_mini,000025,-2,115780.0,115780.0,17528.0,15.139056831922613,25.690324052943865,54.62688270196258,28.429025362585378,40.6096257089998
kitti_mini,000031,-2,121291.0,121291.0,18931.0,15.607918147265666,26.68638740689874,51.49226137023929,29.076945284017377,40.99012977533335
kitti_mini,000032,-2,118661.0,118661.0,19540.0,16.467078484084915,42.558853633572156,39.55987717502559,29.107708833891788,40.93793802379816
kitti_mini,000043,-2,122591.0,122591.0,19572.0,15.965282932678582,4.853872879623953,42.92356427549561,29.011291109479792,40.82547465038995
kitti_mini,000048,-2,122675.0,122675.0,19848.0,16.17933564295904,3.2345828295042325,66.8782748891576,28.97286480735066,41.11865393596986
kitti_mini,000049,-2,113691.0,113691.0,17890.0,15.735634307025183,42.33650083845723,40.63163778647289,28.79619602041379,40.582404379368874
kitti_mini,000061,-2,125247.0,125247.0,19690.0,15.720935431587185,8.593194514982224,43.885220924327065,28.381002926407724,40.601806217386184
kitti_mini,000001,-1,120268.0,120268.0,18635.0,15.494562144543853,0.4400321974778642,41.29326536088006,14.775528803881778,20.771858865291005
kitti_mini,000004,-1,115976.0,115976.0,19080.0,16.451679657860247,1.0482180293501049,43.668763102725364,14.733096768927144,20.703029584362962
kitti_mini,000007,-1,122798.0,122798.0,19363.0,15.768172120067103,1.6939523834116614,51.94959458761556,14.591194263374415,20.502498627006496
kitti_mini,000008,-1,122555.0,122555.0,17161.0,14.002692668597772,53.505040498805435,60.87057863760853,14.35525319037347,20.8946516240469
kitti_mini,000009,-1,123928.0,123928.0,19429.0,15.67765153960364,1.2352668691131814,38.84914303360955,14.648081211412276,20.68290302452665
kitti_mini,000010,-1,115875.0,115875.0,16555.0,14.286947141316073,25.829054666263968,36.581093325279376,14.521503590621464,20.42799011941092
kitti_mini,000011,-1,108004.0,108004.0,19933.0,18.455797933409873,7.826217829729594,30.110871419254504,14.548778081522581,20.693203980527088
kitti_mini,000012,-1,120007.0,120007.0,18666.0,15.554092677927121,0.16072002571520413,56.284153005464475,14.654723294051326,20.690817736373745
kitti_mini,000015,-1,122583.0,122583.0,18347.0,14.967001949699387,21.970894424156537,53.01684199051616,14.292112024381852,20.55988469163168
kitti_mini,000016,-1,113070.0,113070.0,17879.0,15.812328645971522,30.493875496392413,42.759662173499635,14.471738915387473,20.766432214709
kitti_mini,000019,-1,115697.0,115697.0,18740.0,16.197481352152604,40.47491995731057,39.71184631803629,14.683063413578857,21.019229161817528
kitti_mini,000021,-1,125260.0,125260.0,19815.0,15.819096279738144,25.137522079232905,47.28236184708554,14.602151369737715,20.60105032112083
kitti_mini,000023,-1,120412.0,120412.0,18584.0,15.433677706540877,0.5165733964700818,42.0469220835127,14.773700768816976,20.7877969605243
kitti_mini,000025,-1,115780.0,115780.0,17543.0,15.15201243738124,24.904520321495756,54.3293621387448,14.242882219784192,20.554663207731835
kitti_mini,000031,-1,121291.0,121291.0,18905.0,15.586482096775523,26.813012430573924,51.64771224543772,14.616828970595272,20.749849239102815
kitti_mini,000032,-1,118661.0,118661.0,19539.0,16.466235747212647,42.6070935052971,39.49536823788321,14.607508311478401,20.727351394331674
kitti_mini,000043,-1,122591.0,122591.0,19623.0,16.006884681583475,4.846353768536921,43.112673903072924,14.553733521986409,20.63834770645611
kitti_mini,000048,-1,122675.0,122675.0,19870.0,16.19726920725494,3.3719174635128337,67.14645193759436,14.52896890643094,20.81714478481591
kitti_mini,000049,-1,113691.0,113691.0,17986.0,15.820073708560924,42.866674079839875,40.681641276548426,14.45548510915438,20.509984390388826
kitti_mini,000061,-1,125247.0,125247.0,19733.0,15.75526759123971,8.635281001368266,43.60715552627578,14.224582558642298,20.56457097204279
kitti_mini,000001,-0.5,120268.0,120268.0,18633.0,15.49289919180497,0.5205817635378093,41.20109483175012,7.399379660670014,10.453218831212967
kitti_mini,000004,-0.5,115976.0,115976.0,19076.0,16.448230668414155,0.9802893688404278,43.91906059970644,7.378079045330306,10.426574178654658
kitti_mini,000007,-0.5,122798.0,122798.0,19351.0,15.758399973940943,1.663996692677381,52.16784662291355,7.305778257314927,10.31262476951188
kitti_mini,000008,-0.5,122555.0,122555.0,17198.0,14.03288319530007,53.5643679497616,60.9838353296895,7.190672092008242,10.539652189859444
kitti_mini,000009,-0.5,123928.0,123928.0,19427.0,15.676037699309276,1.2611314150409223,38.79652030678952,7.334327262121538,10.402953602282196
kitti_mini,000010,-0.5,115875.0,115875.0,16501.0,14.2403451995685,25.665111205381493,36.900793891279314,7.266416685500687,10.282436569111063
kitti_mini,000011,-0.5,108004.0,108004.0,19955.0,18.476167549350023,7.977950388373841,30.03257328990228,7.288708044389409,10.411460946549836
kitti_mini,000012,-0.5,120007.0,120007.0,18677.0,15.563258809902756,0.25700058895968303,56.095732719387485,7.332941461423941,10.41815739904354
kitti_mini,000015,-0.5,122583.0,122583.0,18347.0,14.967001949699387,22.205265165967187,53.27846514416525,7.155624423071766,10.335998174256304
kitti_mini,000016,-0.5,113070.0,113070.0,17881.0,15.814097461749359,30.46250209719814,42.86113752027291,7.248005125833153,10.449096403339489
kitti_mini,000019,-0.5,115697.0,115697.0,18765.0,16.21908951831076,40.532907007727154,39.44577671196377,7.354893861669678,10.575197530535487
kitti_mini,000021,-0.5,125260.0,125260.0,19814.0,15.818297940284209,25.158978500050473,47.4967194912688,7.312106219452694,10.37865598691892
kitti_mini,000023,-0.5,120412.0,120412.0,18595.0,15.442813008670232,0.634579187953751,42.05969346598548,7.39909419132094,10.468001651155411
kitti_mini,000025,-0.5,115780.0,115780.0,17538.0,15.147693902228363,24.5181890751511,54.59003307104573,7.129820523211188,10.340866853866686
kitti_mini,000031,-0.5,121291.0,121291.0,18907.0,15.588131023736304,26.905378960173483,52.04421642777807,7.330027319975389,10.455970822224915
kitti_mini,000032,-0.5,118661.0,118661.0,19536.0,16.463707536595848,42.782555282555286,39.57309582309582,7.315286669436695,10.428824563394354
kitti_mini,000043,-0.5,122591.0,122591.0,19619.0,16.003621799316427,4.888118660482186,42.728987206279626,7.288393062191878,10.36762108519124
kitti_mini,000048,-0.5,122675.0,122675.0,19824.0,16.159771754636235,3.5209846650524614,67.4687247780468,7.27346476691199,10.44261848667736
kitti_mini,000049,-0.5,113691.0,113691.0,18033.0,15.861413832229465,42.987855598070205,40.61442910220152,7.2435409101892905,10.311469710469973
kitti_mini,000061,-0.5,125247.0,125247.0,19765.0,15.78081710539973,8.580824690108777,43.81988363268404,7.123237219982903,10.353945344893333
kitti_mini,000001,0,120268.0,120268.0,18630.0,15.490404762696643,0.6172839506172839,41.358024691358025,0.0,0.0
kitti_mini,000004,0,115976.0,115976.0,19063.0,16.437021452714355,0.9127629439227825,43.68672297120075,0.0,0.0
kitti_mini,000007,0,122798.0,122798.0,19423.0,15.817032850697894,1.5806003192091849,51.86119548988313,0.0,0.0
kitti_mini,000008,0,122555.0,122555.0,17238.0,14.065521602545795,53.747534516765285,60.96414897319875,0.0,0.0
kitti_mini,000009,0,123928.0,123928.0,19411.0,15.663126976954361,1.267322652104477,38.431817010973155,0.0,0.0
kitti_mini,000010,0,115875.0,115875.0,16464.0,14.2084142394822,25.564868804664727,36.79543245869776,0.0,0.0
kitti_mini,000011,0,108004.0,108004.0,19946.0,18.467834524647234,8.162037501253385,30.056151609345232,0.0,0.0
kitti_mini,000012,0,120007.0,120007.0,18705.0,15.586590782204372,0.29403902699812884,56.25768511093291,0.0,0.0
kitti_mini,000015,0,122583.0,122583.0,18334.0,14.956396890270266,22.428275335442347,53.33806043416603,0.0,0.0
kitti_mini,000016,0,113070.0,113070.0,17868.0,15.80260015919342,30.32796059995523,42.60129841056637,0.0,0.0
kitti_mini,000019,0,115697.0,115697.0,18792.0,16.242426337761568,40.61834823329076,39.319923371647505,0.0,0.0
kitti_mini,000021,0,125260.0,125260.0,19824.0,15.826281334823568,25.17655367231638,47.190274414850684,0.0,0.0
kitti_mini,000023,0,120412.0,120412.0,18587.0,15.436169152576156,0.7370742992414052,42.212298918599025,0.0,0.0
kitti_mini,000025,0,115780.0,115780.0,17529.0,15.139920538953188,24.245535968965715,54.77779679388441,0.0,0.0
kitti_mini,000031,0,121291.0,121291.0,18896.0,15.579061925452011,26.995131244707878,52.35499576629975,0.0,0.0
kitti_mini,000032,0,118661.0,118661.0,19535.0,16.462864799723583,42.702841054517535,39.52905042231891,0.0,0.0
kitti_mini,000043,0,122591.0,122591.0,19655.0,16.032987739719882,4.919867718137878,42.48282879674383,0.0,0.0
kitti_mini,000048,0,122675.0,122675.0,19820.0,16.156511106582432,3.557013118062563,67.21493440968719,0.0,0.0
kitti_mini,000049,0,113691.0,113691.0,18093.0,15.914188458189303,43.09954125905046,40.52395954236445,0.0,0.0
kitti_mini,000061,0,125247.0,125247.0,19791.0,15.801576085654746,8.655449446718205,43.77747460967106,0.0,0.0
kitti_mini,000001,0.5,120268.0,120268.0,18629.0,15.489573286327202,0.5153255676633206,41.28509313436041,7.3944526634328955,10.455353586314907
kitti_mini,000004,0.5,115976.0,115976.0,19053.0,16.428398979099125,0.8660053534876397,43.89859864588254,7.3767221748438,10.411536254680472
kitti_mini,000007,0.5,122798.0,122798.0,19433.0,15.825176305803026,1.5489116451397107,51.44342098492255,7.3109147226436715,10.353094842091645
kitti_mini,000008,0.5,122555.0,122555.0,17281.0,14.10060789033495,54.00150454256119,60.78930617441121,7.194663347429883,10.56458039250108
kitti_mini,000009,0.5,123928.0,123928.0,19412.0,15.663933897101543,1.2518030084483824,38.65134968060993,7.334166691790908,10.400343449938921
kitti_mini,000010,0.5,115875.0,115875.0,16412.0,14.16353829557713,25.41433097733366,36.491591518401165,7.259938065164164,10.311163120185968
kitti_mini,000011,0.5,108004.0,108004.0,19946.0,18.467834524647234,8.267321768775695,30.57254587385942,7.285971406723193,10.394514117663295
kitti_mini,000012,0.5,120007.0,120007.0,18688.0,15.57242494187839,0.3478167808219178,55.982448630136986,7.315346736282425,10.420758991417749
kitti_mini,000015,0.5,122583.0,122583.0,18379.0,14.993106711371071,22.59644159094619,53.67539039120736,7.166780961073847,10.326814163085594
kitti_mini,000016,0.5,113070.0,113070.0,17872.0,15.806137790749094,29.991047448522828,42.75962399283796,7.246191181285839,10.444443752815435
kitti_mini,000019,0.5,115697.0,115697.0,18828.0,16.27354209702931,40.62566390482261,39.39345655406841,7.356565769956864,10.58599371308944
kitti_mini,000021,0.5,125260.0,125260.0,19818.0,15.821491298099952,25.290140276516297,47.325663538197595,7.317030868168834,10.401660588332557
kitti_mini,000023,0.5,120412.0,120412.0,18585.0,15.434508188552636,0.6133979015334947,42.10922787193974,7.394073230799094,10.461004399063567
kitti_mini,000025,0.5,115780.0,115780.0,17534.0,15.144239074106062,23.896429793543973,54.91045967833923,7.129268521644867,10.349188404826448
kitti_mini,000031,0.5,121291.0,121291.0,18877.0,15.5633971193246,27.048789532234995,51.909731419187366,7.337591961280822,10.454271950955324
kitti_mini,000032,0.5,118661.0,118661.0,19547.0,16.472977642190777,42.71243669105233,39.28480073668594,7.320066030876827,10.428906784276037
kitti_mini,000043,0.5,122591.0,122591.0,19689.0,16.06072223898981,4.946924678754635,42.72436385799177,7.287099696219235,10.383269137897324
kitti_mini,000048,0.5,122675.0,122675.0,19841.0,16.173629508864888,3.5482082556322765,67.13371301849705,7.271453946197019,10.446169326724446
kitti_mini,000049,0.5,113691.0,113691.0,18134.0,15.950251119261859,43.34950920922025,40.840410279033854,7.254582917864912,10.307325616333332
kitti_mini,000061,0.5,125247.0,125247.0,19813.0,15.81914137663976,8.66602735577651,43.62287387069096,7.125513891260038,10.369708996236767
kitti_mini,000001,1,120268.0,120268.0,18630.0,15.490404762696643,0.40257648953301123,41.272141706924316,14.757209232480955,20.777973090118056
kitti_mini,000004,1,115976.0,115976.0,19032.0,16.41029178450714,0.819672131147541,43.836696090794455,14.730639687164485,20.689682798805645
kitti_mini,000007,1,122798.0,122798.0,19388.0,15.788530757829932,1.5989271714462554,51.614400660202186,14.59960179845785,20.56585682085789
kitti_mini,000008,1,122555.0,122555.0,17316.0,14.129166496674962,54.123354123354126,60.67221067221067,14.366720886561223,20.990973596322004
kitti_mini,000009,1,123928.0,123928.0,19395.0,15.650216254599444,1.2271203918535705,38.2779066769786,14.64490230898631,20.663012319910933
kitti_mini,000010,1,115875.0,115875.0,16369.0,14.126429341963323,25.401673895778604,36.78294336856253,14.493811201087183,20.49053980465764
kitti_mini,000011,1,108004.0,108004.0,19952.0,18.473389874449094,8.299919807538092,30.35785886126704,14.551377045755299,20.65863930092618
kitti_mini,000012,1,120007.0,120007.0,18698.0,15.580757789128967,0.3422825970692053,55.66370734837951,14.59807771839645,20.71989409714132
kitti_mini,000015,1,122583.0,122583.0,18441.0,15.043684687109959,22.87294615259476,53.95585922672306,14.320105169569329,20.548811984317606
kitti_mini,000016,1,113070.0,113070.0,17871.0,15.805253382860174,29.82485591181243,43.24324324324324,14.470307668851174,20.709486710529944
kitti_mini,000019,1,115697.0,115697.0,18859.0,16.300336223065422,40.83461477278753,39.55140781589692,14.69313608995822,21.058752305719175
kitti_mini,000021,1,125260.0,125260.0,19827.0,15.828676353185374,25.298834922075958,47.218439501689616,14.617278410915336,20.66730707141846
kitti_mini,000023,1,120412.0,120412.0,18583.0,15.432847224529116,0.5004574073077545,42.03842221385137,14.756453364328149,20.781211036780363
kitti_mini,000025,1,115780.0,115780.0,17540.0,15.149421316289514,23.78563283922463,54.94868871151654,14.24772512334134,20.591294629109363
kitti_mini,000031,1,121291.0,121291.0,18837.0,15.530418580108995,27.005361787970482,51.701438657960395,14.656595380052263,20.772695831245645
kitti_mini,000032,1,118661.0,118661.0,19546.0,16.472134905318512,42.91415123298884,39.36355264504247,14.620986142014797,20.7312423880225
kitti_mini,000043,1,122591.0,122591.0,19713.0,16.080299532592115,4.986557094303252,42.93613351595394,14.552315017136308,20.634500502358673
kitti_mini,000048,1,122675.0,122675.0,19852.0,16.18259629101284,3.4203102961918197,67.18718517025992,14.518571062822367,20.752237342974542
kitti_mini,000049,1,113691.0,113691.0,18174.0,15.985434203235085,43.38065368108286,41.064157587762736,14.497900505194153,20.5030082362434
kitti_mini,000061,1,125247.0,125247.0,19825.0,15.828722444449767,8.741488020176545,43.75283732660782,14.235450678597545,20.616075516706044
kitti_mini,000001,2,120268.0,120268.0,18633.0,15.49289919180497,0.2307733590940804,40.91665324961091,29.389943919656837,41.019910638575055
kitti_mini,000004,2,115976.0,115976.0,18975.0,16.361143684900323,0.8115942028985508,43.72068511198946,29.356341594153122,40.84539195580657
kitti_mini,000007,2,122798.0,122798.0,19236.0,15.664750240231925,1.6323559991682262,51.699937616968185,29.107770935834942,40.623794534775584
kitti_mini,000008,2,122555.0,122555.0,17384.0,14.184651788992698,54.55016106764842,60.26806258628624,28.68333521799548,41.46495411289482
kitti_mini,000009,2,123928.0,123928.0,19381.0,15.638919372538894,1.2176874258294206,38.10432898199267,29.1945591964047,40.8173215795703
kitti_mini,000010,2,115875.0,115875.0,16299.0,14.066019417475728,25.492361494570222,36.793668323210014,28.89466175516268,40.27462279466188
kitti_mini,000011,2,108004.0,108004.0,19963.0,18.48357468241917,8.630967289485548,30.215899413915743,29.044455087301554,40.73119784762159
kitti_mini,000012,2,120007.0,120007.0,18699.0,15.581591073854025,0.34761217177389164,55.72490507513771,29.09825588207462,40.85519532973907
kitti_mini,000015,2,122583.0,122583.0,18470.0,15.067342127374921,23.51922035733622,53.67623172712507,28.541054939253645,40.550465434459134
kitti_mini,000016,2,113070.0,113070.0,17883.0,15.815866277527196,29.575574568025498,43.734272773024664,28.878057040950424,40.77254461396309
kitti_mini,000019,2,115697.0,115697.0,18912.0,16.34614553532071,41.01628595600677,39.488155668358715,29.292162225335293,41.572044726022966
kitti_mini,000021,2,125260.0,125260.0,19841.0,15.839853105540476,25.46242628899753,47.527846378710755,29.175286679149732,40.833800609688495
kitti_mini,000023,2,120412.0,120412.0,18592.0,15.440321562634953,0.3119621342512909,41.53399311531842,29.39514102768925,41.04741495890524
kitti_mini,000025,2,115780.0,115780.0,17541.0,15.15028502332009,23.482127586796647,54.728920814092696,28.447450308872348,40.76963714923836
kitti_mini,000031,2,121291.0,121291.0,18783.0,15.485897552167927,26.976521322472447,51.15263802374488,29.244330803715048,40.95694858180164
kitti_mini,000032,2,118661.0,118661.0,19548.0,16.473820379063046,42.94556987927154,38.75588295477798,29.156811913839448,40.883155509366894
kitti_mini,000043,2,122591.0,122591.0,19769.0,16.125979884330825,4.9926652840305525,43.26976579493146,29.027202038353426,40.808870639309184
kitti_mini,000048,2,122675.0,122675.0,19883.0,16.207866313429793,3.6513604586832975,67.85696323492431,28.94502485522235,40.96432072027098
kitti_mini,000049,2,113691.0,113691.0,18229.0,16.03381094369827,43.540512370398815,41.03351802073619,28.963358294256047,40.707877548395125
kitti_mini,000061,2,125247.0,125247.0,19866.0,15.861457759467292,8.688211013792408,43.94946139132186,28.40859604828661,40.715963004484294
kitti_mini,000001,3,120268.0,120268.0,18635.0,15.494562144543853,0.20391735980681513,41.07324926214113,43.90004924991869,60.76806898618586
kitti_mini,000004,3,115976.0,115976.0,18965.0,16.352521211285094,0.7276562088056947,44.33957289744266,43.88508971648883,60.53161968377269
kitti_mini,000007,3,122798.0,122798.0,19268.0,15.690809296568348,1.7074942910525224,51.8891426198879,43.527631333036666,60.16931763397362
kitti_mini,000008,3,122555.0,122555.0,17436.0,14.227081718412142,55.402615278733656,59.47465014911677,42.9369070306395,61.552936858004244
kitti_mini,000009,3,123928.0,123928.0,19381.0,15.638919372538894,1.2331665032764048,38.176564676745265,43.663102212373516,60.479536734159865
kitti_mini,000010,3,115875.0,115875.0,16271.0,14.04185544768069,25.70216950402557,36.9061520496589,43.20035215737303,59.630309024267824
kitti_mini,000011,3,108004.0,108004.0,19948.0,18.46968630791452,8.792861439743332,30.308802887507518,43.478329890126275,60.38710919499007
kitti_mini,000012,3,120007.0,120007.0,18713.0,15.593257060004833,0.3420082295730241,56.21760273606584,43.523227881402946,60.48517769998206
kitti_mini,000015,3,122583.0,122583.0,18540.0,15.12444629353173,23.66774541531823,54.11003236245955,42.674415942304336,60.1807258820798
kitti_mini,000016,3,113070.0,113070.0,17899.0,15.83001680374989,29.442985641655962,44.10860941952065,43.23117085981778,60.36167528349218
kitti_mini,000019,3,115697.0,115697.0,18936.0,16.366889374832535,41.36037177862273,38.79911280101394,43.80416973257323,61.61599026196882
kitti_mini,000021,3,125260.0,125260.0,19863.0,15.857416573527063,25.39394854755072,47.4752051553139,43.63034188838645,60.50442715210135
kitti_mini,000023,3,120412.0,120412.0,18594.0,15.441982526658473,0.26890394750994945,41.70162417984296,43.90431496263056,60.81841417235717
kitti_mini,000025,3,115780.0,115780.0,17514.0,15.126964933494559,23.198583989950897,54.49925773666781,42.585719483384196,60.49185081529126
kitti_mini,000031,3,121291.0,121291.0,18731.0,15.443025451187639,27.035395867812717,50.86754577972346,43.76528683989976,60.64290710804502
kitti_mini,000032,3,118661.0,118661.0,19552.0,16.47719132655211,42.98281505728314,38.983224222585925,43.58198837045578,60.58392141402135
kitti_mini,000043,3,122591.0,122591.0,19811.0,16.160240148134854,4.9871283630306396,43.213366311645046,43.42849765630863,60.520841060777855
kitti_mini,000048,3,122675.0,122675.0,19897.0,16.219278581618095,3.789516007438307,67.50766447203095,43.27129209438202,60.693722268786296
kitti_mini,000049,3,113691.0,113691.0,18231.0,16.03557009789693,43.7112610388898,41.083868136690256,43.3856091770442,60.47929451811595
kitti_mini,000061,3,125247.0,125247.0,19899.0,15.887805695944813,8.523041358862255,44.47962209156239,42.526970326657164,60.121879677799136
nuscenes_mini_subset,scene-0103_000,-3,34752.0,34752.0,3054.0,8.787983425414364,3.8965291421087103,13.425016371971186,74.65185132908198,90.18386013309957
nuscenes_mini_subset,scene-0103_001,-3,34688.0,34688.0,3102.0,8.942573800738007,5.286911669890394,14.216634429400388,74.84368679441604,89.86630010921421
nuscenes_mini_subset,scene-0103_002,-3,34752.0,34752.0,3093.0,8.900207182320441,4.784998383446492,21.72647914645975,74.73216199661479,89.78142268873802
nuscenes_mini_subset,scene-0103_003,-3,34720.0,34720.0,3097.0,8.919930875576037,7.3296738779464,19.11527284468841,74.65388422439,89.67881932094369
nuscenes_mini_subset,scene-0103_004,-3,34784.0,34784.0,3062.0,8.802897884084636,12.998040496407576,20.444154147615937,75.11394626185883,89.99314332521746
nuscenes_mini_subset,scene-0103_005,-3,34720.0,34720.0,3055.0,8.798963133640553,19.410801963993453,17.4468085106383,74.45214018405947,89.6054243426051
nuscenes_mini_subset,scene-0103_006,-3,34688.0,34688.0,3175.0,9.153021217712178,4.094488188976378,13.00787401574803,74.91314224589502,89.90693681062564
nuscenes_mini_subset,scene-0103_007,-3,34688.0,34688.0,3141.0,9.055004612546126,8.882521489971348,13.276026743075453,75.07274655026782,90.00414101146224
nuscenes_mini_subset,scene-0103_008,-3,34720.0,34720.0,2994.0,8.623271889400922,11.088844355377422,11.52304609218437,74.87969709189059,89.8560880425135
nuscenes_mini_subset,scene-0103_009,-3,34720.0,34720.0,3043.0,8.764400921658986,8.872822872165626,9.760105159382189,74.8428456807571,89.85544090750795
nuscenes_mini_subset,scene-0103_010,-3,34720.0,34720.0,3091.0,8.902649769585253,7.635069556777742,9.67324490456163,75.0886532683744,89.803512394069
nuscenes_mini_subset,scene-0103_011,-3,34688.0,34688.0,3098.0,8.931042435424354,7.972885732730795,10.555196901226598,75.41034387983393,90.32040595889754
nuscenes_mini_subset,scene-0103_012,-3,34688.0,34688.0,3030.0,8.73500922509225,11.155115511551156,9.966996699669966,75.6076302584099,90.83691648373852
nuscenes_mini_subset,scene-0103_013,-3,34688.0,34688.0,3050.0,8.792666051660516,14.98360655737705,10.524590163934427,75.89163673767823,91.1566218558943
nuscenes_mini_subset,scene-0103_014,-3,34720.0,34720.0,3027.0,8.71831797235023,20.6805417905517,9.084902543772712,76.10467099644961,91.70817874934731
nuscenes_mini_subset,scene-0103_015,-3,34688.0,34688.0,2967.0,8.553390221402214,23.01988540613414,9.234917425008426,76.70038740617764,92.05314532567196
nuscenes_mini_subset,scene-0103_016,-3,34720.0,34720.0,2975.0,8.568548387096774,23.260504201680675,9.647058823529411,76.88226021712896,92.23026378577654
nuscenes_mini_subset,scene-0103_017,-3,34720.0,34720.0,2950.0,8.496543778801843,22.8135593220339,10.16949152542373,76.76998741091722,92.15668329086493
nuscenes_mini_subset,scene-0103_018,-3,34784.0,34784.0,2965.0,8.524034038638455,24.45193929173693,9.84822934232715,76.65381052265289,92.33381581986312
nuscenes_mini_subset,scene-0103_019,-3,34784.0,34784.0,2994.0,8.60740570377185,22.979291917167668,9.55243820975284,76.4439038786126,91.96215736915117
nuscenes_mini_subset,scene-0103_000,-2,34752.0,34752.0,3035.0,8.733310313075506,3.9209225700164745,13.44316309719934,49.86620263771639,60.642400996866556
nuscenes_mini_subset,scene-0103_001,-2,34688.0,34688.0,3083.0,8.887799815498155,5.4816736944534545,13.720402205643852,49.98175448003321,60.509813468262315
nuscenes_mini_subset,scene-0103_002,-2,34752.0,34752.0,3080.0,8.86279926335175,4.675324675324675,21.623376623376622,49.911088033143514,60.407072409044716
nuscenes_mini_subset,scene-0103_003,-2,34720.0,34720.0,3092.0,8.90552995391705,7.115135834411385,19.11384217335058,49.865601253616305,60.35094846244149
nuscenes_mini_subset,scene-0103_004,-2,34784.0,34784.0,3075.0,8.840271389144434,12.585365853658537,19.772357723577237,50.19046936773387,60.53273493238631
nuscenes_mini_subset,scene-0103_005,-2,34720.0,34720.0,3064.0,8.824884792626728,19.451697127937337,17.428198433420366,49.7485124928287,60.2851717805605
nuscenes_mini_subset,scene-0103_006,-2,34688.0,34688.0,3175.0,9.153021217712178,4.125984251968504,13.039370078740156,50.06369902757515,60.46281067580971
nuscenes_mini_subset,scene-0103_007,-2,34688.0,34688.0,3139.0,9.049238929889299,8.697037273016885,12.997769990442817,50.13416054531998,60.527233318547054
nuscenes_mini_subset,scene-0103_008,-2,34720.0,34720.0,3004.0,8.652073732718893,10.885486018641812,11.118508655126497,50.03397800152669,60.46208732396241
nuscenes_mini_subset,scene-0103_009,-2,34720.0,34720.0,3046.0,8.773041474654377,8.765594221930401,9.290873276428101,50.033403484304294,60.45945648864491
nuscenes_mini_subset,scene-0103_010,-2,34720.0,34720.0,3108.0,8.951612903225806,7.561132561132561,9.362934362934363,50.22502358980766,60.40885783820913
nuscenes_mini_subset,scene-0103_011,-2,34688.0,34688.0,3099.0,8.933925276752767,7.712165214585349,11.003549532107131,50.40491407964559,60.7573143188067
nuscenes_mini_subset,scene-0103_012,-2,34688.0,34688.0,3028.0,8.729243542435425,10.799207397622194,9.940554821664465,50.55353558306604,61.12716420774489
nuscenes_mini_subset,scene-0103_013,-2,34688.0,34688.0,3030.0,8.73500922509225,14.554455445544553,10.264026402640264,50.71831743817326,61.36018358085351
nuscenes_mini_subset,scene-0103_014,-2,34720.0,34720.0,3020.0,8.69815668202765,20.56291390728477,9.370860927152318,50.908458822616794,61.684074744986965
nuscenes_mini_subset,scene-0103_015,-2,34688.0,34688.0,2966.0,8.550507380073801,22.89278489548213,8.96830748482805,51.31409353655683,61.961004488240896
nuscenes_mini_subset,scene-0103_016,-2,34720.0,34720.0,2967.0,8.545506912442397,22.68284462419953,9.268621503201887,51.40783357337769,62.026504521367286
nuscenes_mini_subset,scene-0103_017,-2,34720.0,34720.0,2942.0,8.473502304147466,22.56968048946295,10.367097212780422,51.35219034549827,62.020785612576795
nuscenes_mini_subset,scene-0103_018,-2,34784.0,34784.0,2960.0,8.509659613615455,24.12162162162162,9.222972972972974,51.23704646324603,62.12394269170262
nuscenes_mini_subset,scene-0103_019,-2,34784.0,34784.0,2982.0,8.572907083716652,22.736418511066397,9.020791415157612,51.03753332066514,61.91335092035576
nuscenes_mini_subset,scene-0103_000,-1,34752.0,34752.0,3009.0,8.658494475138122,3.9215686274509802,12.994350282485875,24.978371475081424,30.60196199232368
nuscenes_mini_subset,scene-0103_001,-1,34688.0,34688.0,3057.0,8.81284594095941,5.528295714753026,13.542688910696763,25.041300570327216,30.565369676017983
nuscenes_mini_subset,scene-0103_002,-1,34752.0,34752.0,3088.0,8.885819521178638,4.566062176165803,20.952072538860104,25.029967391825867,30.521609044094127
nuscenes_mini_subset,scene-0103_003,-1,34720.0,34720.0,3097.0,8.919930875576037,6.716176945431062,18.56635453664837,25.009381584108553,30.479766432157184
nuscenes_mini_subset,scene-0103_004,-1,34784.0,34784.0,3063.0,8.805772769089236,12.308194580476657,19.784524975514202,25.14515393519046,30.586105494112047
nuscenes_mini_subset,scene-0103_005,-1,34720.0,34720.0,3074.0,8.853686635944701,19.746258945998697,17.82693558880937,24.95094485529183,30.415090591240716
nuscenes_mini_subset,scene-0103_006,-1,34688.0,34688.0,3177.0,9.158786900369003,3.840100723953415,12.716399118665409,25.121364259368463,30.530481596820888
nuscenes_mini_subset,scene-0103_007,-1,34688.0,34688.0,3146.0,9.069418819188192,8.518753973299429,12.428480610298791,25.13624543479103,30.536969304944012
nuscenes_mini_subset,scene-0103_008,-1,34720.0,34720.0,2984.0,8.59447004608295,10.355227882037534,10.556300268096514,25.046285688707073,30.51234491760276
nuscenes_mini_subset,scene-0103_009,-1,34720.0,34720.0,3046.0,8.773041474654377,8.96257386736704,9.061063690085359,25.086062322030877,30.501752349626365
nuscenes_mini_subset,scene-0103_010,-1,34720.0,34720.0,3114.0,8.96889400921659,7.353885677585099,8.895311496467565,25.18732310880574,30.482922211184157
nuscenes_mini_subset,scene-0103_011,-1,34688.0,34688.0,3095.0,8.922393911439114,7.495961227786753,10.306946688206784,25.27970594148986,30.66647286820345
nuscenes_mini_subset,scene-0103_012,-1,34688.0,34688.0,3031.0,8.737892066420665,10.623556581986143,9.501814582645991,25.343852148570022,30.841907656970946
nuscenes_mini_subset,scene-0103_013,-1,34688.0,34688.0,3028.0,8.729243542435425,14.53104359313078,9.907529722589167,25.41226349047853,30.95304299965388
nuscenes_mini_subset,scene-0103_014,-1,34720.0,34720.0,3020.0,8.69815668202765,20.2317880794702,8.774834437086094,25.529605647128253,31.109703917744323
nuscenes_mini_subset,scene-0103_015,-1,34688.0,34688.0,2941.0,8.478436346863468,22.54335260115607,9.078544712682762,25.70441524065175,31.2303892495406
nuscenes_mini_subset,scene-0103_016,-1,34720.0,34720.0,2965.0,8.539746543778802,22.495784148397977,8.836424957841484,25.77210550129926,31.304327039315545
nuscenes_mini_subset,scene-0103_017,-1,34720.0,34720.0,2949.0,8.493663594470046,22.482197355035606,9.630383180739233,25.75505233754531,31.360382934401734
nuscenes_mini_subset,scene-0103_018,-1,34784.0,34784.0,2949.0,8.478035878564857,23.80467955239064,8.036622583926754,25.68754991999483,31.3726903999121
nuscenes_mini_subset,scene-0103_019,-1,34784.0,34784.0,2966.0,8.526908923643054,22.420768712070128,8.091706001348618,25.580231113262045,31.272477002982438
nuscenes_mini_subset,scene-0103_000,-0.5,34752.0,34752.0,3000.0,8.632596685082873,3.933333333333333,12.533333333333333,12.499864928313642,15.39071594936571
nuscenes_mini_subset,scene-0103_001,-0.5,34688.0,34688.0,3051.0,8.79554889298893,5.506391347099312,13.503769255981645,12.5323427620322,15.351991322193427
nuscenes_mini_subset,scene-0103_002,-0.5,34752.0,34752.0,3092.0,8.89732965009208,4.592496765847348,20.860284605433378,12.540723421051123,15.318146794466273
nuscenes_mini_subset,scene-0103_003,-0.5,34720.0,34720.0,3091.0,8.902649769585253,7.020381753477839,17.76124231640246,12.520988200606055,15.285193609279467
nuscenes_mini_subset,scene-0103_004,-0.5,34784.0,34784.0,3061.0,8.800022999080037,11.95687683763476,19.699444625939236,12.5893885581245,15.38704001213509
nuscenes_mini_subset,scene-0103_005,-0.5,34720.0,34720.0,3077.0,8.862327188940093,19.59701007474813,17.15957101072473,12.488513723956956,15.280933367699362
nuscenes_mini_subset,scene-0103_006,-0.5,34688.0,34688.0,3176.0,9.15590405904059,3.7783375314861463,12.97229219143577,12.578105156536889,15.329835755303218
nuscenes_mini_subset,scene-0103_007,-0.5,34688.0,34688.0,3141.0,9.055004612546126,8.564151544094239,11.875198981216172,12.583372276332522,15.34449743252027
nuscenes_mini_subset,scene-0103_008,-0.5,34720.0,34720.0,2972.0,8.559907834101383,10.329744279946164,10.262449528936743,12.53346965235753,15.348509915561154
nuscenes_mini_subset,scene-0103_009,-0.5,34720.0,34720.0,3046.0,8.773041474654377,9.12672357189757,8.667104399212082,12.5609019732587,15.31139419018778
nuscenes_mini_subset,scene-0103_010,-0.5,34720.0,34720.0,3120.0,8.986175115207374,7.467948717948718,8.333333333333332,12.611574503837938,15.321812776395893
nuscenes_mini_subset,scene-0103_011,-0.5,34688.0,34688.0,3099.0,8.933925276752767,7.615359793481769,10.164569215876089,12.668541416687432,15.403888891955825
nuscenes_mini_subset,scene-0103_012,-0.5,34688.0,34688.0,3023.0,8.714829335793358,10.651670525967582,8.898445253059874,12.691830862791903,15.481180036643702
nuscenes_mini_subset,scene-0103_013,-0.5,34688.0,34688.0,3025.0,8.720595018450185,14.545454545454545,9.917355371900827,12.730201585647414,15.539425088799424
nuscenes_mini_subset,scene-0103_014,-0.5,34720.0,34720.0,3020.0,8.69815668202765,20.2317880794702,8.57615894039735,12.781579663325992,15.640591265790148
nuscenes_mini_subset,scene-0103_015,-0.5,34688.0,34688.0,2937.0,8.466904981549815,22.33571671773919,8.443990466462377,12.874899933798881,15.695729725868311
nuscenes_mini_subset,scene-0103_016,-0.5,34720.0,34720.0,2962.0,8.53110599078341,22.417285617825794,8.541525995948684,12.909633082119207,15.741036673360853
nuscenes_mini_subset,scene-0103_017,-0.5,34720.0,34720.0,2951.0,8.49942396313364,22.399186716367332,9.623856319891562,12.90225864598073,15.754854779260006
nuscenes_mini_subset,scene-0103_018,-0.5,34784.0,34784.0,2939.0,8.449287028518858,23.341272541680844,8.336168764886015,12.858821769295293,15.75206390465039
nuscenes_mini_subset,scene-0103_019,-0.5,34784.0,34784.0,2955.0,8.495285188592456,22.267343485617598,7.884940778341794,12.798489546468335,15.69986623327133
nuscenes_mini_subset,scene-0103_000,0,34752.0,34752.0,2984.0,8.586556169429098,4.3565683646112605,12.23190348525469,0.0,0.0
nuscenes_mini_subset,scene-0103_001,0,34688.0,34688.0,3047.0,8.784017527675276,5.644896619625862,13.291762389235313,0.0,0.0
nuscenes_mini_subset,scene-0103_002,0,34752.0,34752.0,3084.0,8.874309392265193,4.636835278858626,19.5201037613489,0.0,0.0
nuscenes_mini_subset,scene-0103_003,0,34720.0,34720.0,3100.0,8.928571428571429,6.806451612903226,17.548387096774192,0.0,0.0
nuscenes_mini_subset,scene-0103_004,0,34784.0,34784.0,3062.0,8.802897884084636,11.985630306988897,18.876551273677336,0.0,0.0
nuscenes_mini_subset,scene-0103_005,0,34720.0,34720.0,3083.0,8.879608294930875,19.91566655854687,16.736944534544275,0.0,0.0
nuscenes_mini_subset,scene-0103_006,0,34688.0,34688.0,3180.0,9.167435424354244,3.710691823899371,13.11320754716981,0.0,0.0
nuscenes_mini_subset,scene-0103_007,0,34688.0,34688.0,3143.0,9.060770295202952,8.495068405981545,11.740375437480115,0.0,0.0
nuscenes_mini_subset,scene-0103_008,0,34720.0,34720.0,2968.0,8.548387096774194,10.47843665768194,10.2088948787062,0.0,0.0
nuscenes_mini_subset,scene-0103_009,0,34720.0,34720.0,3044.0,8.767281105990783,9.165571616294349,9.034165571616294,0.0,0.0
nuscenes_mini_subset,scene-0103_010,0,34720.0,34720.0,3120.0,8.986175115207374,7.5,8.58974358974359,0.0,0.0
nuscenes_mini_subset,scene-0103_011,0,34688.0,34688.0,3097.0,8.928159594095941,7.426541814659347,9.654504359057151,0.0,0.0
nuscenes_mini_subset,scene-0103_012,0,34688.0,34688.0,3023.0,8.714829335793358,10.618590803837249,8.501488587495864,0.0,0.0
nuscenes_mini_subset,scene-0103_013,0,34688.0,34688.0,3024.0,8.717712177121772,14.351851851851851,9.093915343915345,0.0,0.0
nuscenes_mini_subset,scene-0103_014,0,34720.0,34720.0,3013.0,8.67799539170507,20.146033853302356,7.965482907401261,0.0,0.0
nuscenes_mini_subset,scene-0103_015,0,34688.0,34688.0,2935.0,8.46113929889299,22.555366269165248,8.211243611584328,0.0,0.0
nuscenes_mini_subset,scene-0103_016,0,34720.0,34720.0,2951.0,8.49942396313364,22.161978990172823,8.776685869196882,0.0,0.0
nuscenes_mini_subset,scene-0103_017,0,34720.0,34720.0,2940.0,8.46774193548387,22.346938775510203,9.523809523809524,0.0,0.0
nuscenes_mini_subset,scene-0103_018,0,34784.0,34784.0,2938.0,8.446412143514259,23.6215112321307,8.713410483321987,0.0,0.0
nuscenes_mini_subset,scene-0103_019,0,34784.0,34784.0,2958.0,8.503909843606255,22.008113590263694,9.060175794455713,0.0,0.0
nuscenes_mini_subset,scene-0103_000,0.5,34752.0,34752.0,2972.0,8.552025782688766,4.27321668909825,11.339165545087484,12.481927793288122,15.373894197481318
nuscenes_mini_subset,scene-0103_001,0.5,34688.0,34688.0,3036.0,8.75230627306273,5.500658761528326,12.615283267457182,12.524809728440827,15.3495592137487
nuscenes_mini_subset,scene-0103_002,0.5,34752.0,34752.0,3078.0,8.857044198895027,4.450942170240416,19.49317738791423,12.53240735539487,15.341359258655297
nuscenes_mini_subset,scene-0103_003,0.5,34720.0,34720.0,3100.0,8.928571428571429,6.806451612903226,17.483870967741936,12.525441809855163,15.316920856396916
nuscenes_mini_subset,scene-0103_004,0.5,34784.0,34784.0,3052.0,8.774149034038638,11.66448230668414,18.577981651376145,12.580594916357688,15.349684762731417
nuscenes_mini_subset,scene-0103_005,0.5,34720.0,34720.0,3089.0,8.896889400921658,19.747491097442538,16.121722240207188,12.490067137637892,15.291078956320863
nuscenes_mini_subset,scene-0103_006,0.5,34688.0,34688.0,3183.0,9.176083948339484,3.6757775683317626,12.284008796732643,12.58292573071645,15.358941489725911
nuscenes_mini_subset,scene-0103_007,0.5,34688.0,34688.0,3141.0,9.055004612546126,8.373129576567973,11.3658070678128,12.586338402945769,15.353181477404078
nuscenes_mini_subset,scene-0103_008,0.5,34720.0,34720.0,2970.0,8.554147465437788,10.134680134680135,10.336700336700337,12.5312467326713,15.323105786815862
nuscenes_mini_subset,scene-0103_009,0.5,34720.0,34720.0,3040.0,8.755760368663594,9.177631578947368,8.848684210526315,12.560228365093058,15.323454069809333
nuscenes_mini_subset,scene-0103_010,0.5,34720.0,34720.0,3126.0,9.003456221198157,7.549584133077415,8.669225847728727,12.611420462032841,15.315719513709718
nuscenes_mini_subset,scene-0103_011,0.5,34688.0,34688.0,3098.0,8.931042435424354,7.165913492575855,10.167850225952227,12.681672402794927,15.422442950385726
nuscenes_mini_subset,scene-0103_012,0.5,34688.0,34688.0,3016.0,8.694649446494465,10.411140583554376,9.084880636604776,12.693129168039365,15.490794839000479
nuscenes_mini_subset,scene-0103_013,0.5,34688.0,34688.0,3018.0,8.700415129151292,14.314115308151093,9.774685222001326,12.725217280739642,15.55887912121396
nuscenes_mini_subset,scene-0103_014,0.5,34720.0,34720.0,3012.0,8.675115207373272,19.9203187250996,8.03452855245684,12.783145734282426,15.626850053376856
nuscenes_mini_subset,scene-0103_015,0.5,34688.0,34688.0,2941.0,8.478436346863468,22.271336280176808,8.500510030601836,12.874325738858406,15.702295505086907
nuscenes_mini_subset,scene-0103_016,0.5,34720.0,34720.0,2942.0,8.473502304147466,22.331747110808973,8.463630183548606,12.898751689828806,15.748065435570108
nuscenes_mini_subset,scene-0103_017,0.5,34720.0,34720.0,2946.0,8.485023041474655,22.36931432450781,8.927359131025119,12.899216218640902,15.766449963639774
nuscenes_mini_subset,scene-0103_018,0.5,34784.0,34784.0,2925.0,8.409038638454462,23.589743589743588,8.923076923076923,12.859665239644666,15.740355174496484
nuscenes_mini_subset,scene-0103_019,0.5,34784.0,34784.0,2949.0,8.478035878564857,22.177009155645983,8.748728382502543,12.800233758258711,15.726489122286509
nuscenes_mini_subset,scene-0103_000,1,34752.0,34752.0,2959.0,8.514617863720074,4.393376140588036,11.997296383913485,24.941117319406843,30.59603648187906
nuscenes_mini_subset,scene-0103_001,1,34688.0,34688.0,3023.0,8.714829335793358,5.226596096592789,13.000330797221304,25.013331272573943,30.545488675788725
nuscenes_mini_subset,scene-0103_002,1,34752.0,34752.0,3071.0,8.836901473296502,4.330836860957342,19.50504721589059,25.007177273787516,30.56609642970456
nuscenes_mini_subset,scene-0103_003,1,34720.0,34720.0,3104.0,8.940092165898617,6.475515463917526,16.559278350515463,25.027548583540003,30.492322250693167
nuscenes_mini_subset,scene-0103_004,1,34784.0,34784.0,3056.0,8.785648574057038,11.616492146596858,19.30628272251309,25.135964892677073,30.552114128514454
nuscenes_mini_subset,scene-0103_005,1,34720.0,34720.0,3087.0,8.891129032258064,19.792678976352445,16.55328798185941,24.96894404664657,30.4234218867244
nuscenes_mini_subset,scene-0103_006,1,34688.0,34688.0,3183.0,9.176083948339484,3.5186930568645933,12.064090480678605,25.13230100117037,30.555598371331644
nuscenes_mini_subset,scene-0103_007,1,34688.0,34688.0,3140.0,9.052121771217712,8.280254777070063,11.910828025477707,25.137722409685466,30.580852174113765
nuscenes_mini_subset,scene-0103_008,1,34720.0,34720.0,2972.0,8.559907834101383,10.161507402422611,10.1278600269179,25.01506175661368,30.478218337191457
nuscenes_mini_subset,scene-0103_009,1,34720.0,34720.0,3045.0,8.77016129032258,8.998357963875206,8.768472906403941,25.089808596538905,30.492891592769674
nuscenes_mini_subset,scene-0103_010,1,34720.0,34720.0,3125.0,9.00057603686636,7.5840000000000005,8.767999999999999,25.18132555015729,30.511449805499794
nuscenes_mini_subset,scene-0103_011,1,34688.0,34688.0,3099.0,8.933925276752767,7.034527266860277,10.164569215876089,25.32596722109766,30.69392652822525
nuscenes_mini_subset,scene-0103_012,1,34688.0,34688.0,3020.0,8.706180811808117,10.165562913907285,9.23841059602649,25.36128441617408,30.845747128235345
nuscenes_mini_subset,scene-0103_013,1,34688.0,34688.0,3014.0,8.688883763837639,14.465826144658262,9.455872594558725,25.413172197552687,30.932639407517577
nuscenes_mini_subset,scene-0103_014,1,34720.0,34720.0,3006.0,8.65783410138249,19.693945442448438,8.250166333998669,25.5369467396685,31.079605887811525
nuscenes_mini_subset,scene-0103_015,1,34688.0,34688.0,2943.0,8.484202029520295,22.35813795446823,8.256880733944955,25.723404222177095,31.24950446471266
nuscenes_mini_subset,scene-0103_016,1,34720.0,34720.0,2940.0,8.46774193548387,22.108843537414966,8.639455782312925,25.76962309884221,31.382481395341962
nuscenes_mini_subset,scene-0103_017,1,34720.0,34720.0,2928.0,8.433179723502304,22.370218579234972,8.94808743169399,25.763593312485977,31.371887544485745
nuscenes_mini_subset,scene-0103_018,1,34784.0,34784.0,2933.0,8.43203771849126,23.7981588816911,8.489601091033073,25.689567592796294,31.345436196670445
nuscenes_mini_subset,scene-0103_019,1,34784.0,34784.0,2946.0,8.469411223551058,22.267481330617787,8.859470468431772,25.57033981390569,31.2983159425736
nuscenes_mini_subset,scene-0103_000,2,34752.0,34752.0,2934.0,8.442679558011049,4.4989775051124745,12.167689161554192,49.77780086872235,60.50864544497971
nuscenes_mini_subset,scene-0103_001,2,34688.0,34688.0,3005.0,8.662938191881919,5.091514143094842,12.945091514143096,49.91363481493866,60.528471451482325
nuscenes_mini_subset,scene-0103_002,2,34752.0,34752.0,3050.0,8.776473296500921,4.360655737704918,19.639344262295083,49.8895252075905,60.527975910831735
nuscenes_mini_subset,scene-0103_003,2,34720.0,34720.0,3102.0,8.934331797235023,6.479690522243714,16.827852998065765,49.942570817297465,60.44074415903557
nuscenes_mini_subset,scene-0103_004,2,34784.0,34784.0,3065.0,8.811522539098435,11.68026101141925,19.151712887438826,50.11845656479272,60.52556304356282
nuscenes_mini_subset,scene-0103_005,2,34720.0,34720.0,3109.0,8.954493087557603,20.263750402058538,16.211000321646832,49.86604362157697,60.34434089688178
nuscenes_mini_subset,scene-0103_006,2,34688.0,34688.0,3183.0,9.176083948339484,3.4872761545711595,11.624253848570532,50.12322558109028,60.53736941198787
nuscenes_mini_subset,scene-0103_007,2,34688.0,34688.0,3139.0,9.049238929889299,8.314749920356801,12.26505256451099,50.128364593903704,60.56356057649617
nuscenes_mini_subset,scene-0103_008,2,34720.0,34720.0,2978.0,8.577188940092165,10.409670920080591,10.577568838146407,49.87837820893311,60.28669184671881
nuscenes_mini_subset,scene-0103_009,2,34720.0,34720.0,3033.0,8.735599078341014,8.770194526871085,9.396636993076163,50.04800006841823,60.209806931768995
nuscenes_mini_subset,scene-0103_010,2,34720.0,34720.0,3126.0,9.003456221198157,7.5815738963531665,8.701215611004478,50.203204930769,60.404972713298186
nuscenes_mini_subset,scene-0103_011,2,34688.0,34688.0,3103.0,8.945456642066421,6.993232355784724,10.248146954560102,50.56693644287657,60.88246252545051
nuscenes_mini_subset,scene-0103_012,2,34688.0,34688.0,3017.0,8.697532287822877,9.84421610871727,9.41332449453099,50.562339490267824,61.12996488994456
nuscenes_mini_subset,scene-0103_013,2,34688.0,34688.0,3014.0,8.688883763837639,14.26675514266755,9.42269409422694,50.70083857177916,61.30888672979449
nuscenes_mini_subset,scene-0103_014,2,34720.0,34720.0,2995.0,8.626152073732719,19.8330550918197,8.881469115191987,50.97408552531468,61.49895861059862
nuscenes_mini_subset,scene-0103_015,2,34688.0,34688.0,2943.0,8.484202029520295,22.52803261977574,8.630648997621474,51.34225999859983,62.03210872619318
nuscenes_mini_subset,scene-0103_016,2,34720.0,34720.0,2938.0,8.461981566820276,22.4642614023145,7.8284547311095976,51.38849960889833,62.132766803342264
nuscenes_mini_subset,scene-0103_017,2,34720.0,34720.0,2904.0,8.36405529953917,22.31404958677686,8.78099173553719,51.390769321002026,62.1328428064289
nuscenes_mini_subset,scene-0103_018,2,34784.0,34784.0,2924.0,8.406163753449862,24.076607387140903,8.99452804377565,51.27047274560094,62.0840726948402
nuscenes_mini_subset,scene-0103_019,2,34784.0,34784.0,2942.0,8.457911683532659,22.67165193745751,9.585316111488783,51.01618281521429,61.96116586609496
nuscenes_mini_subset,scene-0103_000,3,34752.0,34752.0,2914.0,8.38512891344383,4.564172958133151,11.908030199039121,74.52638520688564,89.82478764485174
nuscenes_mini_subset,scene-0103_001,3,34688.0,34688.0,2994.0,8.631226937269373,5.110220440881764,13.159652638610556,74.69419359607812,90.09002861875803
nuscenes_mini_subset,scene-0103_002,3,34752.0,34752.0,3033.0,8.727555248618785,4.484009231783713,20.243982855258817,74.65743296924886,89.95460950132181
nuscenes_mini_subset,scene-0103_003,3,34720.0,34720.0,3089.0,8.896889400921658,6.5717060537390735,17.319520880543866,74.73037702407471,89.89584016638021
nuscenes_mini_subset,scene-0103_004,3,34784.0,34784.0,3073.0,8.834521619135234,11.617312072892938,18.255776114546045,74.9945651597336,90.11411198586326
nuscenes_mini_subset,scene-0103_005,3,34720.0,34720.0,3122.0,8.991935483870968,20.787956438180654,15.759128763613067,74.66781239729579,89.82598116779566
nuscenes_mini_subset,scene-0103_006,3,34688.0,34688.0,3183.0,9.176083948339484,3.2045240339302548,11.844172164624569,75.00395446653523,89.99707551574465
nuscenes_mini_subset,scene-0103_007,3,34688.0,34688.0,3139.0,9.049238929889299,8.21917808219178,12.23319528512265,74.97717623171859,90.04951348897256
nuscenes_mini_subset,scene-0103_008,3,34720.0,34720.0,2981.0,8.585829493087557,10.533378061053337,10.600469641060046,74.64017871508807,89.69803114532691
nuscenes_mini_subset,scene-0103_009,3,34720.0,34720.0,3034.0,8.738479262672811,8.767303889255109,8.96506262359921,74.91817267908057,89.74678418792027
nuscenes_mini_subset,scene-0103_010,3,34720.0,34720.0,3133.0,9.023617511520737,7.947654005745291,8.33067347590169,75.12120401379651,89.83565727361665
nuscenes_mini_subset,scene-0103_011,3,34688.0,34688.0,3103.0,8.945456642066421,7.154366741862714,10.409281340638092,75.68295097776317,90.4865172068475
nuscenes_mini_subset,scene-0103_012,3,34688.0,34688.0,3013.0,8.686000922509225,10.321938267507468,9.558579488881513,75.6757924935202,90.98058115793114
nuscenes_mini_subset,scene-0103_013,3,34688.0,34688.0,3009.0,8.674469557195572,14.323695579926888,9.704220671319375,75.87669839783821,90.95728431060905
nuscenes_mini_subset,scene-0103_014,3,34720.0,34720.0,2998.0,8.63479262672811,19.77985323549033,8.038692461641093,76.35735263017844,91.5767284553062
nuscenes_mini_subset,scene-0103_015,3,34688.0,34688.0,2940.0,8.475553505535055,22.517006802721088,8.46938775510204,76.82931129639323,92.03643220677701
nuscenes_mini_subset,scene-0103_016,3,34720.0,34720.0,2935.0,8.453341013824884,22.419080068143103,8.415672913117547,76.90849810454387,92.27324802946642
nuscenes_mini_subset,scene-0103_017,3,34720.0,34720.0,2902.0,8.358294930875577,22.50172294968987,8.580289455547899,76.90893919244263,92.38610353031186
nuscenes_mini_subset,scene-0103_018,3,34784.0,34784.0,2898.0,8.331416743330267,23.878536922015183,8.52311939268461,76.75289681990219,92.299858727526
nuscenes_mini_subset,scene-0103_019,3,34784.0,34784.0,2933.0,8.43203771849126,23.048073644732355,9.785202863961814,76.40002315284202,92.16056431096816
